POST_ID,DATE,LABEL,RUMOR_PROB,POST
2076842074155221033,2026-07-13,1,0.997890055179596,Jonathan Kuminga’s free agency ‘on hold’ until LeBron James makes decision https://t.co/un6MhNb26e
2076830994741747892,2026-07-13,1,0.997890055179596,Jonathan Kuminga’s free agency ‘on hold’ until LeBron James makes decision https://t.co/8c7iOu5jfu
2076804727657099475,2026-07-13,1,0.9978963136672974,Dallas Mavericks vs Memphis Grizzlies LIVE | NBA Summer League | Mavs Trade Rumors? https://t.co/RrLyreJh1d
2076798739398771172,2026-07-13,1,0.997945249080658,"🔮 RUMOR

#Lakers star FA F LeBron James' recent time and conversations with FA F/C Draymond Green have left him giving even stronger consideration to potentially joining the #Warriors than before (via @BrettSiegelNBA) #NBA

Is Golden State the best spot for LeBron?👇 https://t.co/ncaOAsqqYP"
2076797396701323497,2026-07-13,1,0.9979104399681091,New Klay Thompson Trade Rumors Reveal Potential NBA Landing Spot Amid LeBron James Buzz https://t.co/9xxphsZUDe
2076796707950539061,2026-07-13,1,0.9979123473167419,NBA rumors: 1 key hold-up in Lakers-Hawks Jonathan Kuminga trade talks https://t.co/fEdgLrP6Pd
2076796558889071007,2026-07-13,1,0.9979373216629028,"NBA Trade Rumors: Lakers Options Shrink, Warriors Move &amp; Big Board - HEAVY https://t.co/6WfmOhrr6g"
2076794179833983248,2026-07-13,1,0.9978725910186768,"Amidst all the trade rumors, Wizards general manager Will Dawkins speaks on Anthony Davis wanting to stay with the team.

https://t.co/vZSA8SdpfX"
2076793813956178171,2026-07-13,1,0.997936487197876,"Report: 'It's decision time for LeBron James,' with Sixers and at least four other teams in the mix 

🔗 Read more: https://t.co/Tmphf02ol1 https://t.co/PHDEBTr6hq"
2076788834176520243,2026-07-13,1,0.9972547888755798,"I wanted to explain why I stepped away from NBA Rumors. I wasn't enjoying covering the entire league anymore, and it started feeling like a chore. My passion has always been the Cavs, so I'd rather create content I enjoy. Thank you to everyone who supported NBA Rumors. ❤️💛 https://t.co/gzKyMpOjLo"
2076788764157096325,2026-07-13,1,0.9979041814804077,"Since a small group of people is worried about relocation. The #Seahawks are more successful than the #NBA team, the Portland Trailblazers, as a franchise. If people didn't know, the Blazers are ""[lots of] rumored"" to potentially be relocated. The #NFL would block Seattle's"
2076788247263432966,2026-07-13,1,0.9978958368301392,"BREAKING: I am returning to Cavs Muse!!! I am super excited to be back and posting abt my favorite team, my hometown team, the Cleveland Cavaliers. Soon I will be posting why I quit “NBA RUMORS” and why I’m back as “Cavs Muse”.
WE BACKKK!!! ❤️💛❤️💛 https://t.co/1WA4QNhVDG"
2076780553404076542,2026-07-13,1,0.997940719127655,"🔮 RUMOR

The #Heat have “significant interest” in #Mavericks G/F Klay Thompson (via @flasportsbuzz) #NBA

Would Thompson be a good fit in Miami?👇 https://t.co/soUrdFj4Kg"
2076778709374177777,2026-07-13,1,0.9978923201560974,"No matter where LeBron James signs this summer, the Eastern Conference is going to be loaded in 2026-27. https://t.co/aArloekDHd"
2076776118280245608,2026-07-13,1,0.9979420304298401,NBA Trade Rumors: Former Dolphins Star Makes Massive Claim on Kyrie Irving Heading to Heat With LeBron James https://t.co/9SDHdESco2 #NBA #Basketball
2076762368181256654,2026-07-13,1,0.9978951215744019,"Surprised Trent chose the Bucks over rebuilding with the Blazers. This could shift some serious power in the East next season.

#BHIVE

https://t.co/gIwBDmNWCH"
2076759197899805087,2026-07-13,1,0.9977478384971619,LeBron James decision reportedly nearing as teams make final pitches https://t.co/QpIf2qlF11
2076759169101619441,2026-07-13,1,0.9977478384971619,LeBron James decision reportedly nearing as teams make final pitches https://t.co/RD8Yzbw4Iz
2076751996372001158,2026-07-13,1,0.8893237709999084,"""It's decision time for LeBron James,"" according to Shams Charania of ESPN. The Sixers are one of five teams he lists as the ""leading suitors"" for the NBA's all-time leading scorer.

We are almost at the finish line:

https://t.co/alByZNmmbg"
2076738377911882105,2026-07-13,1,0.9977340698242188,"Is LeBron James about to make the biggest move of his legendary career? Rumors are spreading across the NBA, and fans can't stop debating what comes next for the four-time NBA champion. From possible team changes to championship ambitions, every new report is fueling speculation. https://t.co/hLmqQh6ubu"
2076735157889843213,2026-07-13,1,0.9979135394096375,NBA trade rumors feel like a year-round economy now. #NBA #TradeSeason #Basketball
2076734935889485920,2026-07-13,1,0.9978969097137451,"Stop it #kyrieirving isn’t going anywhere lol 😆 stop making these rumors man #nba 
He’s staying Dallas &amp; will be playing for the Mavs Stop it!"
2076734779446178028,2026-07-13,1,0.9941481351852417,Stop it #kyrieirving isn’t going anywhere lol 😆 stop making these rumors man #nba
2076713855515034100,2026-07-13,1,0.9977304339408875,"It's fun to dream

What If LeBron James Joined the Denver Nuggets? - The Ringer https://t.co/UVvgcUwwQG"
2076710083564544356,2026-07-13,1,0.9976062774658203,I’ll never make up a NBA rumor for clicks and views. I’m not that thirsty for coverage and attention. Plus I have a whole other career. And I got that by being a standup guy and doing my job well. So how I move in Sports Journalism is no different.
2076700397658599891,2026-07-13,1,0.9976130723953247,"Is there a world where we would really trade Joel Embiid for Anthony Davis??

https://t.co/nnevtgOxMb"
2076698242436198807,2026-07-13,1,0.9979493021965027,"Why Lakers Trading Jarred Vanderbilt Would Be Wrong Move Amid Jonathan Kuminga, NBA Rumors (via Bleacher Report)

https://t.co/wKjuEChX9O"
2076685330061705497,2026-07-13,1,0.9979010820388794,NBA trade rumors now spread faster than the games. #NBA #TradeSeason
2076681626570879360,2026-07-13,1,0.9979362487792969,"Blazers coach Micah Nori addresses Ja Morant bench rumor after blockbuster trade https://t.co/pWG68CZ5WC

📸 Brian Westerholt, IMAGN IMAGES via Reuters Connect https://t.co/oS8LhcKYB3"
2076681510380282176,2026-07-13,1,0.9976212382316589,"World Cup semis set France vs Spain, England vs Argentina. Plus NBA rumors &amp; tight MLB races sports are going crazy right now."
2076681460002717941,2026-07-13,1,0.9978718757629395,"#NBA Rumors: Phoenix #Suns media member @BenGarciaShow interested in opening for @Metallica at @SphereVegas with tribute, cover band? 

#NBAsummerLeague #SunsUp https://t.co/WD55g9LUeD"
2076668676086935709,2026-07-13,1,0.9979351758956909,"Forget Cleveland and Golden State. Let’s get nuts. If basketball is all that matters, one LeBron destination stands above the rest.

@MichaelVPina: 

https://t.co/aeINruiJIB"
2076661410160054547,2026-07-13,1,0.9979074001312256,"Let’s Get Nuts: What If LeBron Went to Denver? Forget Cleveland and Golden State. Imagine LeBron and Jokic for just a second.
https://t.co/UU2jy5B2Q8 https://t.co/aLG6McD1KZ"
2076656831607288018,2026-07-13,1,0.9979326725006104,"NBA Trade Rumors: Lakers options shrink, Warriors move, big board update. https://t.co/TwHm1I5gTV"
2077210818567897270,2026-07-14,1,0.9979134202003479,"Kawhi Leonard reportedly parts ways with his longtime manager, Uncle Dennis. Rumors swirl about shady dealings and equity demands, suggesting a potential scapegoat situation for behind-the-scenes financial maneuvers. #KawhiLeonard #NBA #SportsBusiness https://t.co/riseQVrbzI"
2077206010792399135,2026-07-14,1,0.9979464411735535,"Rumors SWIRLING 🔥 Klay Thompson reunion in Golden State if they LAND LeBron?! 

Imagine that BIG 4 with Curry, Bron, Klay &amp; Dray... 

Good luck to the WEST 😳🍿 Who’s stopping them?! 

#NBA #Warriors #LeBronJames #KlayThompson #StephCurry #NBASummer #Big4 https://t.co/3lKtmsdoz1"
2077204526470439017,2026-07-14,1,0.997740626335144,"Warriors general manager Mike Dunleavy Jr. plays coy during Summer League game

https://t.co/4Nbd7yrjZN"
2077203430699896927,2026-07-14,1,0.9978324770927429,"Sixers continue recruiting LeBron James, but cap situation complicates things https://t.co/szoVsNrpyf"
2077203391084634422,2026-07-14,1,0.9978324770927429,"Sixers continue recruiting LeBron James, but cap situation complicates things https://t.co/04zWxM9Lvi"
2077187854426595639,2026-07-14,1,0.9979277849197388,"#NBA #Yahoo Latest NBA free agency rumors: Is LeBron finally nearing a decision? Heat eye Thompson, DeRozan. https://t.co/hMRJpLN3Hx"
2077181469558968452,2026-07-14,1,0.9978278279304504,Answering your latest Sixers questions as the LeBron James sweepstakes continue. https://t.co/iMumnrTG25
2077175947556716817,2026-07-14,1,0.9979204535484314,Bronny James’ future not ‘linked’ to LeBron James’ free agency decision https://t.co/rnYWN0drWF
2077175946386518507,2026-07-14,1,0.9979204535484314,Bronny James’ future not ‘linked’ to LeBron James’ free agency decision https://t.co/iXMrPqWpEo
2077166361428533714,2026-07-14,1,0.9979234933853149,"LeBron James responded to a video labeling him a ""non-factor"" next season, amidst NBA free agency rumors. His reaction highlights the ongoing scrutiny of his role with the Lakers. via Bleacher Report

https://t.co/kOI9v3G4jP"
2077164502869590085,2026-07-14,1,0.9979385733604431,"NBA rumors: Shams’ latest LeBron James free agency update doesn’t mention Warriors ‘focus’
https://t.co/tbGCZyWfkc"
2077164299374457009,2026-07-14,1,0.9979047775268555,"NBA rumors: Brian Windhorst drops latest LeBron James free agency revelations on player recruiting efforts
https://t.co/p8aaPBVqC4"
2077163419740918233,2026-07-14,1,0.9979385733604431,"NBA rumors: Shams’ latest LeBron James free agency update doesn’t mention Warriors ‘focus’
https://t.co/HBcsH7att0"
2077158702759719416,2026-07-14,1,0.9978927969932556,NBA trade rumors move faster than the games themselves. #NBA #TradeSeason
2077158313725235536,2026-07-14,1,0.9979276657104492,Bucks believe they'll be better after Giannis Antetokounmpo trade https://t.co/A65LjOdIzx
2077158286235717807,2026-07-14,1,0.9979276657104492,Bucks believe they'll be better after Giannis Antetokounmpo trade https://t.co/CpgmVrXsvP
2077143469206982700,2026-07-14,1,0.9979403614997864,"Shams Charania's latest LeBron James reporting doesn't have the Warriors as a ""focus.""

https://t.co/qW2YT0p2Gs"
2077140922383401194,2026-07-14,1,0.9979454874992371,"LeBron James officially hit free agency, so rumors are swirling about a third stint with @cavs to close out his historic career.

Joining Donovan Mitchell, Evan Mobley, and James Harden could make Cleveland an instant Eastern Conference favorite 👇

#Cavs #LeBronJames #NBA"
2077129003312292215,2026-07-14,1,0.997810423374176,"👑 Is LeBron James heading home again?

Rumors are heating up about a possible return to the Cleveland Cavaliers, but nothing is official yet. 👀

Would you like to see the King back in Cleveland? 👇🏀

#LeBronJames #Cavs #NBA #NBARumors #ClevelandCavaliers https://t.co/tx7UbdHa9q"
2077105852008272174,2026-07-14,1,0.9978041052818298,"The Warriors' biggest asset in landing LeBron James revealed 
https://t.co/zaUWapsL3X"
2077102873779802254,2026-07-14,1,0.9979389309883118,"""Report: 'It's decision time for LeBron James,' with Sixers and at least four other teams in the mix | PhillyVoice"" https://t.co/oRVwrBAGGq"
2077100921620721731,2026-07-14,1,0.9979349374771118,"NBA Trade Rumors: Joel Embiid to Mavericks, Warriors, or Pistons? Details: https://t.co/WVXWRCyqXm https://t.co/4hxO2hI7Sr"
2077096822259192124,2026-07-14,1,0.9977228045463562,"The Sixers would be fools to accept this deal
https://t.co/n6O4ujVbRK"
2077094852156592592,2026-07-14,1,0.997940719127655,"🔮 RUMOR

The #Pacers could emerge as a surprise #Lakers star FA F LeBron James destination with his close relationship with star G Tyrese Haliburton and their win-ready-now roster (via @AlexGoldenNBA) #NBA

Should Indy enter the LBJ sweepstakes?👇 https://t.co/KdiOlTojBL"
2077075862520815748,2026-07-14,1,0.9978016018867493,"Austin Carr: LeBron James creates spacing, and that's what Cavs need https://t.co/lefjKd5HgD"
2077075831298330703,2026-07-14,1,0.9978016018867493,"Austin Carr: LeBron James creates spacing, and that's what Cavs need https://t.co/DOnkQmzR03"
2077075722900754761,2026-07-14,1,0.9978172779083252,"Trent’s move to the Bucks shakes up the East—hope the Knicks keep their edge and don’t fall behind in these power shifts.

#BHIVE

https://t.co/3zcOX2PelV"
2077074787684487192,2026-07-14,1,0.988338053226471,"Brian Windhorst would speak on LeBron James and how he is reaching out to players on interested teams.

https://t.co/FgM6twT4ym"
2077070239695519875,2026-07-14,1,0.9978570342063904,The LeBron James sweepstakes may be coming to an end in short order. https://t.co/qyDneNamVU
2077068660913606688,2026-07-14,1,0.9978978633880615,Staffers begged Arturas Karnisovas to draft Tyrese Haliburton over Patrick Williams https://t.co/wcQhwbytxp
2077064071313039642,2026-07-14,1,0.9979326725006104,Bronny James Opens Door for Pacers to Sign LeBron James After Tyrese HaliburtonAnnouncement: NBA Rumor..👀 https://t.co/kkbmlbSzcA via @es_sportsnews
2077054062231802037,2026-07-14,1,0.9978664517402649,Report: LeBron James is reaching out to players on interested teams https://t.co/xQVnz6LuDc
2077053079275344056,2026-07-14,1,0.9979450106620789,"Latest NBA Rumors:

&gt; Cavs lining up trade for Bronny?
&gt; LeBron’s qualms about playing with Embiid, per @ScoopB 
&gt; Philly 🚔 not planning impromptu parade for LeBron signing.
&gt; How prediction markets might be impacting LeBron’s FA

https://t.co/UBArMxDvfx"
2077051162780700781,2026-07-14,1,0.997363269329071,"NBA rumors reveal why Bulls' former front office pointed to the Pistons to avoid tanking

https://t.co/doWooMiNkx"
2077051129171742831,2026-07-14,1,0.9936979413032532,"NBA rumors reveal how Pistons influenced Bulls' former front office

https://t.co/oMrfTnqIgZ"
2077043262179930325,2026-07-14,1,0.9978864789009094,NBA Rumors: Joe Lacob Makes Stance Clear on Going All In On LeBron James As Sweepstakes Heat Up https://t.co/A2Uyfui86R #NBA #Basketball
2077033917706834348,2026-07-14,1,0.9977965354919434,"LeBron James has kept everybody guessing his much-anticipated move in free agency.

https://t.co/qiTTxylsY2"
2077026367309578466,2026-07-14,1,0.9979342222213745,"Bucks rumors: The $45 million pre-draft Gary Trent Jr. rumbles that turned into shocking $64 million contract

https://t.co/pW5BY5DtIH"
2077017949487907170,2026-07-14,1,0.9979360103607178,"NBA Trade Rumors: Next Wave of Deals, Jalen Duren sign-and-trade, more—what to know. https://t.co/gQSjyVe4Ed"
2077015594117878186,2026-07-14,1,0.9976897239685059,Ziaire Williams signs one-year deal with Lakers - Yahoo Sports https://t.co/0bDb9Lx7hz
2077555592198013035,2026-07-15,1,0.9978979825973511,Rumor claims NBA commissioner influenced suspension of Caitlin Clark rival by leaning on WNBA counterpart https://t.co/QYDgF22Uhz now you have started a trend of interfering with another league...is it just going to be for certain cultures or you were forced to do it?🧐🤔🙄
2077544716359602263,2026-07-15,1,0.997890055179596,NBA Trade Rumor Falls Apart: Massive Cam Johnson Story Contains Multiple Factual Errors https://t.co/E2xCq6Gs8T #NBATrade #CamJohnson #NBA
2077531026776051800,2026-07-15,1,0.9979447722434998,"BREAKING: The Rumor Mill has officially begun. 

There is SPECULATION that LeBron James has made some permanent decisions that place his family in Philadelphia

Myself &amp; @jesse_cherone on it first/investigating into it further. 

#76ers #Sixers #NBA #Rumors #LeBronJames"
2077530265581178939,2026-07-15,1,0.9979193806648254,"I think the Cavs should target Kevin Love because this could be his final NBA season. It's been rumored he'll most likely join LeBron James wherever he signs, and bringing K-Love back to Cleveland would add veteran leadership, shooting, and a meaningful reunion. https://t.co/Do0TSuAa69"
2077519299582009392,2026-07-15,1,0.9979216456413269,#NBA #RealNBA Bakery Source Predicts Exact Day LeBron James Will Join Cavaliers Despite Warriors Rumors https://t.co/abpZT7ihVq
2077513640333222319,2026-07-15,1,0.9979204535484314,"Steph Curry has made a direct video pitch to LeBron James to join the Warriors amid NBA free agency rumors. This adds a new dynamic to James's future. via Bleacher Report

https://t.co/oO40wqC3dt"
2077507682555003226,2026-07-15,1,0.9978532195091248,"What does Tyrese Haliburton's cryptic LeBron James post mean? https://t.co/tmcLXbviTQ

📸 Candice Ward-USA TODAY Sports https://t.co/GT8NZdUgtK"
2077506559551197211,2026-07-15,1,0.9979074001312256,"Steph Curry Makes New Pitch to LeBron James to Join Warriors on Video Amid NBA Free Agency Rumors

Bleacher Report"
2077502966760718426,2026-07-15,1,0.9978919625282288,Tyrese Haliburton 'Tomorrow it's time' post adds more fuel to LeBron rumors fire https://t.co/QvrGlVsiRT
2077484994465878174,2026-07-15,1,0.9979246854782104,"Clippers rumors: Steve Ballmer’s lawyer meeting a ‘final step’ of Kawhi Leonard investigation
https://t.co/SbpVggphpH"
2077483443248627994,2026-07-15,1,0.9979293346405029,"Lakers' Bronny James, OKC's 'target,' and Miami Heat's dilemma are central to current NBA trade rumors. This impacts LA's offseason strategy. via https://t.co/F48jWdFeOE

https://t.co/SPlvEd8ddX"
2077483411409641903,2026-07-15,1,0.9979181885719299,"NBA rumors: The only way Klay Thompson leaves Mavericks for Heat
https://t.co/FOcwsxk06a"
2077482276703604743,2026-07-15,1,0.9977624416351318,"76ers rumors: 3 stars put on LeBron James recruiting hats as free agency decision nears
https://t.co/vnAOKlHlnx"
2077473019811762232,2026-07-15,1,0.9978894591331482,Report: YouTube emerges as favorite for NBA local broadcasts https://t.co/2alIG3qR7Y
2077470988380361041,2026-07-15,1,0.9976645708084106,"The latest LeBron James rumors point to two clear favorites.
https://t.co/oF4fpOdEpq"
2077468765193642383,2026-07-15,1,0.9977130889892578,"Joey and Jesse Buss may have found their next venture:
https://t.co/pMWWQjZA3J"
2077468415988470247,2026-07-15,1,0.997922956943512,"#LosAngeles Sports — Lunch Break Edition

- Lakers Rumors: Joey &amp; Jesse Buss Pursuing Ownership In NBA Europe League
- Rams and Seahawks fans can share rare laugh where they least expected to
- Former Laker Has Warning for Luka Amid Roster Rebuild

#LASports"
2077468242298151213,2026-07-15,1,0.9978944659233093,"Potential trade idea for the Clippers' to land Peyton Watson
https://t.co/PeLHVvGKLn"
2077464463490355317,2026-07-15,1,0.9979428648948669,"The NBA rumor mill has been fueled by a hypothetical trade proposal involving Joel Embiid. @1053SS @rjchoppy and @BobbyBeltTX  debate if this is a move they’d want the Mavs to make, or if it's a terrible fit altogether. https://t.co/RE795OVKsx"
2077457474819629307,2026-07-15,1,0.997728168964386,The LeBron James suitors are just as confused as the rest of us https://t.co/VQmDmg064q
2077449400998080993,2026-07-15,1,0.9978516101837158,"Rich Paul addresses Cavs, James Harden amid LeBron speculation https://t.co/J4puwKuZim"
2077449344152637485,2026-07-15,1,0.9978099465370178,"Rich Paul tells @ScoopB that LeBron “will make his own decision,” while clarifying his stance on James Harden and Cavs. https://t.co/i566jDi65P"
2077442192835035423,2026-07-15,1,0.9977654218673706,Bronny James not expected to automatically join LeBron at next stop https://t.co/I1kPeibjkw
2077442156474589378,2026-07-15,1,0.9977654218673706,Bronny James not expected to automatically join LeBron at next stop https://t.co/G5HYldh3Lx
2077432864388382866,2026-07-15,1,0.99783855676651,"breaking down lebron's free agency. who should he sign with, his fit with the rumored teams and James remains awesome even at 41. https://t.co/QmWGLQTk0C"
2077431284197171291,2026-07-15,1,0.9973529577255249,There is reportedly ‘no animosity’ between James Harden and LeBron James https://t.co/fUgXeXauVF
2077430490681020599,2026-07-15,1,0.997825026512146,"The Sixers' Big 3 are out recruiting LeBron James  
https://t.co/HR53N6B1J5"
2077422949942821358,2026-07-15,1,0.997865617275238,"Jason Timpf says Giannis just turned the Heat into a real problem 👀 Pair him with Bam Adebayo and Miami's defensive ceiling shoots through the roof, even before LeBron or DeMar DeRozan rumors come into play. #NBA #sports #basketball https://t.co/iCoLe8WkVc"
2077418182235615422,2026-07-15,1,0.9979562759399414,"New Kawhi Leonard rumors threaten the blockbuster Raptors and Clippers trade. (✍🏾@crdurrett) #wethenorth #ClipperNation

https://t.co/7eGrUVn7Be"
2077415735496962385,2026-07-15,1,0.9978165626525879,"Klay Thompson to the Heat !? There's only one way that it would happen..

https://t.co/DqPEXhF2Y1"
2077391568403870091,2026-07-15,1,0.9977243542671204,The tandem of Anthony Edwards and LaMelo Ball will be a highlight factory. https://t.co/FkoOU5b0kA
2077391222964908099,2026-07-15,1,0.9978255033493042,LeBron James rumors: Two favorites emerge and why the Warriors are relentless https://t.co/RkL8gRcEfu
2077387444954304569,2026-07-15,1,0.9978107810020447,"The 76ers are pulling out the heavy recruitment tools for LeBron James.

https://t.co/rxKXoL2AXz"
2077384176576385358,2026-07-15,1,0.9978522062301636,"Three reasons were outlined for why a reunion between DeMar DeRozan and the Toronto Raptors is unlikely.

https://t.co/QcFUzjOGxV"
2077381443265688034,2026-07-15,1,0.9979434609413147,"NBA Trade Rumors: Lakers’ Bronny, OKC’s target, and Heat dilemma—informative update. https://t.co/yJJQXfyDId"
2077929097175695734,2026-07-16,1,0.997804582118988,"A major update on the Jalen Duren situation! Reliable reporting from Jake L. Fischer suggests that the recent rumors circulating over the last 24 hours regarding Duren are completely false. Stay tuned for the real story as it unfolds. 🏀
#JalenDuren #DetroitPistons #NBA"
2077927781812347078,2026-07-16,1,0.9978991746902466,"[Video] Celtics Insider Confirms Jaylen Brown Frustration Peaked Since Durant Trade Rumors After 2022 Finals #celtics #nba … 
 https://t.co/yxQY9YStFW"
2077923557389283453,2026-07-16,1,0.9978731870651245,"Latest LeBron James rumors: He does not announce his decision, but says it will be soon  https://t.co/GeWDhAltO7"
2077920577256591584,2026-07-16,1,0.9979039430618286,"Latest LeBron James rumors: He does not announce his decision, but says ""I won't hold you guys up too much longer.""

https://t.co/FUj7vRglsT"
2077911219357225407,2026-07-16,1,0.9978455305099487,"In a segment on the Pat McAfee Show, ESPN's Shams Charania poured cold water on the thought Golden State is a top contender to sign LeBron James. https://t.co/YlGL9zR8X6"
2077887058543104315,2026-07-16,1,0.9979009628295898,"NBA rumors: Shams Charania re-opens door for LeBron James to join Warriors
https://t.co/Kdmq1FMudH"
2077883509666951378,2026-07-16,1,0.9979143738746643,"Greek team Olympiacos shuts down rumors of Jones-Garcia joining; Wembanyama announces 2026 'Hoops Gambit' 

LINK 👉  https://t.co/8H1KUnhnb5  #nba #porvida #sanantonio #gospursgo ,,, https://t.co/Ek8iZIYrFj"
2077871539723087910,2026-07-16,1,0.9978931546211243,[Video] Celtics Insider Confirms Jaylen Brown Frustration Peaked Since Durant Trade Rumors After 2022 Finals #celtics #nba https://t.co/PtfSKQZOzk
2077864814853189992,2026-07-16,1,0.9978986978530884,"Shams Charania re-opens door for LeBron James to Warriors in free agency

https://t.co/pbXIpdwpkk"
2077864670908793285,2026-07-16,1,0.9978037476539612,"Warriors still contenders to land LeBron James in free agency

https://t.co/YfdVmRbrI0"
2077852607725608965,2026-07-16,1,0.9979003667831421,LeBron James on free agency: ‘Won’t hold you guys up too much longer’ https://t.co/wZDvUOqcFy
2077852607360774261,2026-07-16,1,0.9979003667831421,LeBron James on free agency: ‘Won’t hold you guys up too much longer’ https://t.co/8tLXKVWhkF
2077845895819805021,2026-07-16,1,0.9979197382926941,"Everything LeBron James Said About Lakers Exit, NBA Free Agency, More at Fanatics Fest Amid Rumors (via Bleacher Report)

https://t.co/1ub3vHwFZr"
2077845797367103498,2026-07-16,1,0.9979050159454346,Mavs vs Thunder LIVE | NBA Summer League | Dallas Mavericks Trade Rumors https://t.co/cRJZbgvbWP
2077838176165744913,2026-07-16,1,0.9973658919334412,"This could be a great addition to the Lakers 
https://t.co/5UtZE1hIt4"
2077830096853799158,2026-07-16,1,0.9979173541069031,"LeBron James sweepstakes continue to center on Cavs, Heat, Sixers https://t.co/PqhjCxuI3X"
2077830070899757357,2026-07-16,1,0.9979173541069031,"LeBron James sweepstakes continue to center on Cavs, Heat, Sixers https://t.co/8SIjGgBDzJ"
2077823188575105254,2026-07-16,1,0.9978219270706177,LeBron James Revisits Cavaliers Legacy Amid Reunion Rumors: what it means for fans and the NBA. https://t.co/AR38Hn0hCe
2077822980025933907,2026-07-16,1,0.9966540336608887,"LeBron minding the game, and playing the game, as only he can https://t.co/kn5oOhWimW"
2077818317063295285,2026-07-16,1,0.9979448914527893,"Will the Nuggets PAY Peyton Watson??🤔

With rumors of a sign-and-trade with Milwaukee... 
Will the Nuggets retain the rising star??

#Nuggets #NBA #MileHighBasketball https://t.co/9FDljW95Sz"
2077811783658615208,2026-07-16,1,0.997917115688324,"LeBron’s move could shake up the whole league—can’t wait to see where he lands and how that impacts the Bucks’ title run!

#BHIVE

https://t.co/2TGzbxWcGd"
2077808012543365475,2026-07-16,1,0.9977506995201111,"The latest on why the Knicks will hesitate in giving Karl-Anthony Towns a max extension

https://t.co/UiVvz2s2n9"
2077806827610218638,2026-07-16,1,0.9975436329841614,"The Milwaukee Bucks have been in A LOT of rumors lately. Here is all of the latest chatter. #FearTheDeer
https://t.co/QDeiFsHyCy"
2077805758914150751,2026-07-16,1,0.9979333877563477,"Lakers rumors: LA targeting 1 player who could fill huge need https://t.co/5V7OdLSSkQ

📸 Mark J. Rebilas, IMAGN IMAGES via Reuters Connect https://t.co/T1GDeKL4tO"
2077796329913491918,2026-07-16,1,0.9904937148094177,"🏀 The biggest stories in basketball today!

The NBA offseason is heating up with major roster shake-ups, while the NBA Summer League in Las Vegas is giving the league's next generation a chance to shine.

From blockbuster trade rumors to standout rookie performances, every game https://t.co/RADW1gPi9H"
2077794685758951637,2026-07-16,1,0.9979289770126343,"Blazers' Matisse Thybulle surfaces as Lakers target amid Jonathan Kuminga pursuit

https://t.co/BsBDe2Vvoi"
2077786736378437639,2026-07-16,1,0.9979100823402405,"NBA insider wants Wizards, Warriors to negotiate Anthony Davis trade live on Rich Paul's podcast

https://t.co/0gOv0M9Glt"
2077786446350737504,2026-07-16,1,0.9979111552238464,"NBA insider wants Warriors, Wizards to negotiate Anthony Davis trade live on Rich Paul's podcast

https://t.co/OTgQBxAEKd"
2077785698145313068,2026-07-16,1,0.9979173541069031,"🔮 RUMOR

The #Lakers have ""registered interest"" this week in #TrailBlazers FA G Matisse Thybulle (via @TheSteinLine) #NBA

Should LA add Thybulle to their squad?👇 https://t.co/u29pRZVGpF"
2077785005779247195,2026-07-16,1,0.9978947043418884,"NBA insider has outrageous Anthony Davis trade idea involving Rich Paul's podcast

https://t.co/HljymVyBd2"
2077783560472174996,2026-07-16,1,0.9979344606399536,"Thybulle? Really? 

Am hoping it’s a - Lakers never get the players they’re rumored to be attached to - smokescreen bc they’re really getting Bilal Coulibaly or an actual serviceable NBA player instead (they’re not lol) 😭"
2077781480843972734,2026-07-16,1,0.7731533646583557,"This has to be the WORST offseason in NFL history! 

More stories about lawsuits and trade rumors than actual player / team hype.

The Knicks winning the NBA Finals really got sports algorithms all ducked up"
2077778653023441391,2026-07-16,1,0.9977657794952393,"How LeBron James could consider heading to the Warriors according to this insider

https://t.co/aHQROx4KiM"
2077777811553620227,2026-07-16,1,0.9979191422462463,"Greek team Olympiacos shuts down rumors of Jones-Garcia joining; Wembanyama announces 2026 'Hoops Gambit' 

LINK 👉  https://t.co/8H1KUnhnb5  #nba #porvida #sanantonio #gospursgo , https://t.co/YBqBHg9FaO"
2077772789675647462,2026-07-16,1,0.9978569149971008,"NBA Free Agency Rumors: Jalen Duren ‘Fed Up,’ Plus Top Players Available — what to expect this week. https://t.co/qF1W2ZqM0f"
2077770502609743933,2026-07-16,1,0.9979426264762878,"#BayArea Sports News + Coffee

- NBA Free Agency Rumors: Jalen Duren ‘Fed Up,’ Plus Top Players Avail...
- Blockbuster trade prediction should be of interest to San Francisco ...
- Heat could reportedly move youngster for four-time Warriors champion

#BayAreaSports"
2077766506205815172,2026-07-16,1,0.9978834986686707,"76ers have an 8-year-old advantage in LeBron James free agency sweepstakes

https://t.co/Cqp769qdoO"
2077766061936738455,2026-07-16,1,0.9978277087211609,"2018 interest gives 76ers advantage in LeBron James free agency sweepstakes

https://t.co/Wxn4EkfTK4"
2077765244966027456,2026-07-16,1,0.9974318146705627,"Many people are predicting one team for LeBron James.

https://t.co/wZTXrpV8l2"
2077763956110676355,2026-07-16,1,0.9979234933853149,"Miami Heat Rumors - NBA Trade, Free Agency, Buzz | HoopsHype https://t.co/gAgyldO7Fy"
2077763794269343915,2026-07-16,1,0.9979385733604431,"NBA Trade Rumors: Lakers' Bronny James, OKC's 'Target' &amp; Miami Heat Dilemma - HEAVY https://t.co/owmr4IddTa"
2077756755036324102,2026-07-16,1,0.9376751780509949,"He could provide experience, shooting, and defense to the Miami Heat.

https://t.co/BJUnU8sri5"
2077755732158824780,2026-07-16,1,0.9977946281433105,"Could Jalen Duren sign the qualifying offer in a move that would prove he is done with the Pistons?

https://t.co/rejzYSUXIw"
2077755588176470183,2026-07-16,1,0.9979033470153809,"🔮 RUMOR

The #Wizards have expressed no interest in trading star F/C Anthony Davis (via @FredKatz) #NBA

What kind of numbers will Davis put up with Washington this season?👇 https://t.co/wZzhBYg0Ja"
2077752349313909068,2026-07-16,1,0.9979007244110107,"🔮 RUMOR

#Pistons star RFA C Jalen Duren is “fed up” with Detroit and he wants out if he accepts the qualifying offer (via @ChrisBHaynes) #NBA

Should Detroit just give Duren the multi-year deal he is asking for?👇 https://t.co/23hHYkibFf"
2077749127660630208,2026-07-16,1,0.9977675676345825,[Video] Draymond Goes Ten Toes Down On Warriors Fans Who Downplayed His Importance During Giannis Trade Rumors #nba #warriors https://t.co/G90lKT7022
2077742734320807942,2026-07-16,1,0.9979442954063416,"NBA Trade Rumors: Sixers’ Jaylen Brown ‘Issue’, Cavs Options, LeBron and More—what to know today. https://t.co/miUCrUk1jk"
2078282225150558550,2026-07-17,1,0.9975270628929138,"#NBA #Yahoo Latest LeBron James rumors: 'He's much closer to a decision,' Antetokounmpo makes his pitch https://t.co/Q6LVslFMr1"
2078275596472463832,2026-07-17,1,0.99788898229599,Mavs vs Knicks LIVE | NBA Summer League | Dallas Mavericks Trade Rumors https://t.co/S3cBuIpSPz
2078255962310255053,2026-07-17,1,0.9979077577590942,"Pistons pondering DeMar DeRozan pursuit as LeBron James holds free agency up
https://t.co/FnezYlvBYx"
2078253318212554922,2026-07-17,1,0.9979077577590942,"Pistons pondering DeMar DeRozan pursuit as LeBron James holds free agency up
https://t.co/3OxOjjn6Oj"
2078230763766448523,2026-07-17,1,0.9978232383728027,"The Heat might have the edge in basketball terms 
https://t.co/u7nHzByubM"
2078215743116615887,2026-07-17,1,0.99788898229599,RandBall: Are the Timberwolves too immature for LeBron James — and championship contention? https://t.co/pzkAubtNbv
2078211151771451564,2026-07-17,1,0.9978513717651367,"🚨 Let’s go, everyone—we’re back! 🎉

It’s Friday = PrimeTime Sports Fix Show! 🔥

The vibes are crazy... this one's a movie! 🎥🍿

🏀 NBA Talk, Summer League &amp; LeBron's Rumors
🏈 NFL Talk &amp; ⚾ MLB
💈 Barber Shop Sports Talk &amp; Hot Takes 💯🔥

https://t.co/VZavNbSAbC"
2078207824950149150,2026-07-17,1,0.9979046583175659,"🚨 The NBA is still waiting on LeBron James.

No decision yet, and the rumors keep heating up:
🏀 Cavaliers
🏀 Warriors
🏀 Heat
🏀 76ers

If you were LeBron, where would you finish your career? 👀

#NBA #LeBronJames #NBATwitter #Basketball"
2078175213619908644,2026-07-17,1,0.9972507357597351,"Streaming meets the NBA! 🎮🏀

Neon just linked up with his absolute favorite basketball player of all time, James Harden, live at Fanatics Fest NYC 

After days of tracking rumors and asking other athletes about Harden, Neon finally got to meet ""The Beard"" face-to-face 

Is this https://t.co/rCiUG7H7Ky"
2078167289573278188,2026-07-17,1,0.9979421496391296,"#NBA #Yahoo NBA Offseason Trade/Free Agent Rumors 2026: Peyton Watson latest, Pistons interested in DeMar DeRozan https://t.co/Llv86V2JQL"
2078162889379127638,2026-07-17,1,0.9978862404823303,"Lakers Announce New Jersey Patch Sponsor in Photo, Latest NBA Rumors on Contract Value (via Bleacher Report)

https://t.co/JOqOD4gsNu"
2078161436149477698,2026-07-17,1,0.997936487197876,"NBA Offseason Trade/Free Agent Rumors 2026: Peyton Watson latest, Pistons interested in DeMar DeRozan

https://t.co/RaligtLlbD"
2078159978867913004,2026-07-17,1,0.9878252148628235,"LeBron James has finally spoken, and the NBA world is paying attention. 🏀 After weeks of rumors and nonstop speculation, the basketball icon addressed the questions everyone has been asking. What did he reveal, and how could it impact his future and the league? https://t.co/FKYUjz5ilt"
2078157114216792226,2026-07-17,1,0.9979064464569092,"HOOPS HABIT
NBA Rumors: Raptors inch closer to reunion with former franchise stars

By Cal Durrett

https://t.co/u1RbfaeB4l"
2078145742443778205,2026-07-17,1,0.9967358708381653,"Dylan Harper was a revelation in the NBA Finals with his steadiness and savvy.

https://t.co/nzGsgcs2E7"
2078145285314978099,2026-07-17,1,0.9979281425476074,"The San Antonio Spurs still view De’Aaron Fox as a ""critical part"" of their future despite his NBA Finals struggles, per @JaredWeissNBA 

(https://t.co/GIOACUqMqQ) https://t.co/5r4rO9E0gH"
2078142076559180204,2026-07-17,1,0.9975265860557556,"Spurs rookie could miss entire season after troubling surgery revelation

https://t.co/tbRG00bld6"
2078140167542493244,2026-07-17,1,0.9979344606399536,"The Raptors may have their sights set on a reunion with not one, but two former stars. #WeTheNorth

https://t.co/OznCpTPl0c"
2078137649861398774,2026-07-17,1,0.9978952407836914,NBA trade rumors are hotter than playoff scores. #NBA #TradeSeason
2078135698851254517,2026-07-17,1,0.9979123473167419,"🚨 Sixers fans thought they had cracked the code... 👀

A photo started making the rounds on X claiming LeBron James enrolled his daughter, Zhuri, in a Philadelphia school.
The rumor instantly had Philly fans believing The King was on his way. 😳
#NBA #NBATwitter #LeBronJames https://t.co/693oELbkaP"
2078132036745957639,2026-07-17,1,0.997841477394104,"David Adelman is looking for more help as he tries to steer the Denver Nuggets back to the NBA Finals.

https://t.co/GiIuXEY9Kc"
2078121813188436367,2026-07-17,1,0.997848391532898,"The Spurs will be forced to play Dylan Harper as their sixth man next season to increase De’Aaron Fox’s league-wide value, per @TheAthletic (https://t.co/JSsfshqo1d).

After Fox struggled during San Antonio’s NBA Finals run, he now holds negative trade value on his max contract. https://t.co/qZ6ULoITqL"
2078117643463041162,2026-07-17,1,0.9979333877563477,"Lakers rumors: LA targeting 1 player who could fill huge need https://t.co/g8JQMW7xPi

📸 Mark J. Rebilas, IMAGN IMAGES via Reuters Connect https://t.co/Y8xYEwoS1M"
2078117517663637647,2026-07-17,1,0.9978591799736023,"Zhuri might have a key role on LeBron's decision
https://t.co/9cYrbJuJfU"
2078110008416387511,2026-07-17,1,0.9979122281074524,"Greek team Olympiacos shuts down rumors of Jones-Garcia joining; Wembanyama announces 2026 'Hoops Gambit' 

LINK 👉  https://t.co/8H1KUnhnb5  #nba #porvida #sanantonio #gospursgo ,.,., https://t.co/CgVyrWOLM7"
2078107832826855658,2026-07-17,1,0.9978208541870117,"De'Aaron Fox will have a chip on his shoulder after his subpar performance in the NBA Finals.

https://t.co/XpgbY8xiQL"
2078105918521110863,2026-07-17,1,0.9979116320610046,"🔮 RUMOR

The #Pistons are still evaluating the prospect of pursuing #Kings FA G/F DeMar DeRozan in free agency (via @TheSteinLine) #NBA

Should the Pistons add DeRozan to their lineup?👇 https://t.co/NLHX9OO0XP"
2078606735091097771,2026-07-18,1,0.9979029893875122,Chicago Bulls trade rumors are heating up with reports linking the Bulls to Klay Thompson for Nikola Jovic. This trade might be one of the most controversial trade in modern day Nba. Will this trade actually go down and if it does will it hurt or benefit both teams https://t.co/aUQJZqN16Q
2078605783051473132,2026-07-18,1,0.9978559613227844,"#NBA #Yahoo Where will LeBron James go? Live rumors, updates on 'The Decision' https://t.co/rxfpYVFC61"
2078591938442211551,2026-07-18,1,0.9979110360145569,"NBA trade proposal sends Jonathan Kuminga to Lakers, involves Bucks https://t.co/WGzzViyW3q"
2078589490981949773,2026-07-18,1,0.9978750944137573,"LeBron James recently pumped the brakes on signing with the Philadelphia 76ers this summer, although the possibility still remains. Read more here: https://t.co/Ldb7NQ2TzU"
2078588295479546022,2026-07-18,1,0.9979470372200012,"LeBron James pumps the brakes on 76ers rumors amid NBA free agency

📸 Bill Streicher, Bill Streicher-USA TODAY Sports https://t.co/sUs8cPhfO1 https://t.co/4Xi3K5H4hL"
2078582111380832299,2026-07-18,1,0.9876490235328674,"Kai Cenat slipped the news that the NBA will be at Streamer University, amid LeBron James rumors 👀. https://t.co/m9gKq5MzQv"
2078553581414690894,2026-07-18,1,0.9979009628295898,"The Pistons are still hoping to bring back star center Jalen Duren, but a recent rumor suggests they have forced his hand. (✍🏾@crdurrett) #DetroitBasketball

https://t.co/tJMyiLB5yE"
2078541618383319470,2026-07-18,1,0.9978677034378052,"Heat’s Giannis Antetokounmpo Makes Feelings Clear On Potentially Playing With LeBron James Amid Free Agency Rumors by Terrance Biggs 

#NBA 
#MiamiHeat 

https://t.co/Ul0p6gcqkH"
2078510223447216523,2026-07-18,1,0.9979366064071655,"NBA Trade Rumors: LeBron James Dilemma, Heat’s Next Moves &amp; Lakers Targets (via https://t.co/F48jWdFeOE)

https://t.co/aNTp05lRSt"
2078486990954414158,2026-07-18,1,0.9978370070457458,LeBron James’ free agency frontrunner might actually be the 76ers https://t.co/XkM2xggbio
2078483247730737342,2026-07-18,1,0.9977656602859497,"Tom Brady Slaps Logan Paul in Front of NBA Star Karl-Anthony Towns in Viral Video Amid Feud Rumors - 👨🏽‍💻
 https://t.co/OFMjGuInPn"
2078480381301428466,2026-07-18,1,0.9835757613182068,This is me convincing myself that LeBron is signing with the Sixers https://t.co/G8KVCmer3G
2078479923593753067,2026-07-18,1,0.997810423374176,"🔮 RUMOR

#Lakers star FA F LeBron James is “truly close” to making his free agency decision with an announcement expected to come in the next couple of days (via @mcten) #NBA

Who’s winning the LBJ sweepstakes?👇 https://t.co/6Ugc64ozhG"
2079013093632577847,2026-07-19,1,0.9979444146156311,"#NBA #Yahoo NBA Offseason Trade/Free Agent Rumors 2026: Stars make their LeBron pitches, Klay Thompson available https://t.co/xNDb7e3xs3"
2078992784003149833,2026-07-19,1,0.9978834986686707,NBA trade rumors are trending harder than playoff scores. #NBA #TradeSeason
2078969200530325806,2026-07-19,1,0.9979038238525391,"KING JAMES HEAT Dive into the electrifying rumors surrounding LeBron James' potential move to the Miami Heat, sparking major NBA drama and discussion from Pat Riley to Rick Ross!

@KingJames @MiamiHEAT @RickRoss #rap #worldnews #breakingnews #LeBronJames
https://t.co/46C3qnbGQP https://t.co/420zW0rJ2x"
2078967919904751941,2026-07-19,1,0.9979212880134583,#NBA #RealNBA NBA rumors: What LeBron James really thinks about Adam Silver’s free agency plea https://t.co/M28SvIzAxt
2078959801053368826,2026-07-19,1,0.9979391694068909,"Miami Heat LeBron James rumors skyrocket from zero to 480 searches in June 2026. Low competition signals untapped buzz. Could a reunion with Riley &amp; Giannis be brewing? 🔥 #NBA

https://t.co/rX8Qh6O5K7 https://t.co/21ohC0Be5b"
2078936066086621388,2026-07-19,1,0.9977693557739258,"RUMORED: Mavericks acquiring Risacher via AD trade exception, sending Nembhard to Atlanta

Source: @TheSteinLine
#NBA #NBATrade #MFFL"
2078920272564859096,2026-07-19,1,0.9978148937225342,"FORTNITE ITEM SHOP RELEASE DATES!

- Jinskow Locker Bundle: July 19
- Honkai Star Rail Skin: July 19
- Boundless Superhero Skin: July 19
- New Icon Series Emote: July 19
- Hoshimachi Suisei Skin: July 20
- Ford Mustang GTD Car Body: July 20
- FREE Ice Spice + Patrick SpongeBob https://t.co/oCnDwvxTqB"
2078875043661263320,2026-07-19,1,0.9979323148727417,"Per ESPN: Dort to ATL, Risacher to DAL in 3-team deal. OKC lands 3 seconds. Upside: ATL adds perimeter D, OKC monetizes depth. Risk: Moving a fresh #1 pick &amp; college eligibility questions make the framework shaky. It's a high variance rumor until confirmed. #NBA #Thunder #Hawks"
2078874326087217258,2026-07-19,1,0.9979504942893982,"🔥 pistons kevin durant trade rumors

#nba #kevindrant #pistons #trade #wirepulsedaily #shorts #breakingnews #viral

📱 Follow @WirePulseDaily for more https://t.co/4D3Y2YJD3D"
2078872595143778674,2026-07-19,1,0.9979082345962524,"Lakers news and rumors are surfacing regarding NBA Free Agency and potential trades. The team's offseason strategy is taking shape. via Bleacher Report

https://t.co/NerdgZkPGE"
2078864846158754081,2026-07-19,1,0.9979450106620789,"🔮 RUMOR

The #Mavericks are actively fielding trade offers for C Daniel Gafford (via @TheSteinLine) #NBA

Will Gafford still be a Mav come opening night?👇 https://t.co/zWZxmqJ66r"
2079376085687640095,2026-07-20,1,0.9978857636451721,#NBA #Yahoo Pat Riley reveals status of LeBron James’ relationship after rocky Heat split — as free agency rumors swirl https://t.co/gIkaErX4WK
2079370116849193369,2026-07-20,1,0.9977076053619385,"Pro Wrestling

WWE @WWE RAW On Netflix @netflix

July 20, 2026

Little Caesars Arena
Detroit, Michigan

Show Open

Recap: Saturday Night's Main Event

""Well this is Detriot, The Motor City, and with less than 2 weeks to go till SummerSlam @SummerSlam WWE invades downtown tonight https://t.co/xKrXQ8OmhJ"
2079360104667943252,2026-07-20,1,0.9978950023651123,NBA Trade Rumors: The Jazz should trade for this available center https://t.co/VWn2N3PErf
2079326593076367368,2026-07-20,1,0.9976481795310974,"The year is 2035. The only employees left at ESPN are Pat McAfee and Stephen A Smith - who run a 24/7 slop show. 

The entire program is centered on gambling and the NBA rumor mill."
2079305453054689663,2026-07-20,1,0.9979140162467957,"""LeBron's Decision Date Teased by Patrick Beverley amid 76ers, Warriors, Heat, NBA Rumors"" https://t.co/O9a6e5d71e"
2079296555228508465,2026-07-20,1,0.9978129863739014,"FORTNITE ITEM SHOP RELEASE DATES!

- Hoshimachi Suisei Skin: July 20
- Ford Mustang GTD Car Body: July 20
- FREE Ice Spice + Patrick SpongeBob Guitar Reward (also doubles as a pickaxe) Twitch Drops Rewards: July 23
- Festival Music Pass Season 15: July 29
- Arknights Endfield https://t.co/75XgT37Etm"
2079284508088824275,2026-07-20,1,0.9977567791938782,"#NBA #RealNBA LeBron James free agency decision live updates: Team by team odds, rumors and latest news https://t.co/a3A7LEtI5p"
2079284327452705238,2026-07-20,1,0.9979197382926941,"In a summer of big NBA moves like Giannis Antetokounmpo shocking the league move to the Heat, LaMelo Ball teaming up with Anthony Edwards in Minnesota, and Kawhi Leonard rumors of a potential Toronto homecoming.

TheHouston Rockets however, are quietly building something special. https://t.co/qQ8HbehUSE"
2079273227386261736,2026-07-20,1,0.9979185461997986,NBA Trade Rumors: Is Jalen Duren Leaving Detroit?  Details: https://t.co/ppiqbSRBC3 https://t.co/8koPSsBRNJ
2079270542730015125,2026-07-20,1,0.9979501366615295,"#NBA #Yahoo NBA Offseason Trade/Free Agent Rumors 2026: Lakers, Hawks not close to Kuminga deal, Jalen Duren latest https://t.co/NMkSi0ziIW"
2079268151510831193,2026-07-20,1,0.9979006052017212,"🚨 Patrick Beverley just added more fuel to the LeBron James free agency rumors. 👀🔥
On Monday morning, LeBron's former Lakers teammate posted a cryptic message on X, saying, ""Rumor has it Bron makes his decision today!!!"" 😳

Do y'all think Pat Bev knows something, or is he https://t.co/XNCG1c0pvk"
2079268140605898985,2026-07-20,1,0.9979454874992371,Lakers Trade Rumors: Rob Pelinka Could Swing For Massive Move If Jonathan Kuminga Deal is Off  https://t.co/bOxPkTBI16 #NBA #Basketball
2079261661978882141,2026-07-20,1,0.9978731870651245,"🚨 LeBron James Decision Imminent! 🚨

The King’s next big move is coming down to the wire, and the rumors are absolutely flying right now! 👑🏀 Catch up on the latest breakdown and updated news here: 👉 https://t.co/qsbZ2GdasH
The action is heating up fast over on @alphaarcade ,"
2079256485972902258,2026-07-20,1,0.9979248046875,"👑 Is LeBron James dropping his decision today?

Per Patrick Beverley, maybe but nothing official yet, just rumors.

Frontrunners: Warriors, Cavaliers, Heat

#LeBronJames #NBA #LeBronDecision #NBAFreeAgency #Lakers #Warriors #Cavaliers #Heat #KingJames #NBATwitter https://t.co/ZxnN4Ckzem"
2079254144024449133,2026-07-20,1,0.9977341890335083,"*IREN RISES 20%, RUMORED TO ADD SECOND NBA TEAM SPONSORSHIP PENDING LEAGUE RULES WAIVER

$IREN"
2079248135973646610,2026-07-20,1,0.9228740930557251,"Where will LeBron James play next? 🏀 The NBA world is buzzing as fresh rumors connect the four-time champion to multiple contenders. From possible reunions to surprise destinations, fans are debating where the King could chase another championship. https://t.co/ZNODM5kVjz"
2079204851255333203,2026-07-20,1,0.9979369640350342,"NBA Trade Rumors: Jonathan Kuminga, Lakers’ Plans &amp; LeBron Decision Time (via https://t.co/F48jWdFeOE)

https://t.co/vZtM0pANq1"
2079718189823406492,2026-07-21,1,0.9979015588760376,"#BayArea Sports 5PM News

- Warriors Proposed To Add 18-Year NBA Vet If LeBron James Goes Elsewhere
- NBA Free Agency Rumors: LeBron James Latest, Jonathan Kuminga &amp; 20 B...
- NFC Notes: Aaron Donald, Trey McBride, 49ers, Cardinals, Rams

#BayAreaSports"
2079710514834440476,2026-07-21,1,0.9979138970375061,NBA insider @JakeLFischer responded to a comment regarding Peyton Watson saying he thinks he’ll “stick around with the Nuggets.” There have been tons of trade rumors in the offseason…but nothing has come to frution. Are we out of the woods of seeing Watson get traded?? https://t.co/fv8mn6yQSt
2079706108168401163,2026-07-21,1,0.9972686767578125,"BREAKING: LeBron emerged from his wine cellar, saw his own shadow, and declared 6 more days of rumors. 🫡
#LeBron #NBA"
2079701313168826729,2026-07-21,1,0.9979456067085266,"🔮 RUMOR

#Lakers star FA F LeBron James remains the #Cavaliers No. 1 target, while a sign-and-trade for #Hawks FA F Jonathan Kuminga is their fallback option (via @ChrisFedor) #NBA

Which one of these two will Cleveland end up with?👇 https://t.co/BwR51bvJfE"
2079692476130975770,2026-07-21,1,0.997853696346283,"The offseason rumor mill is operating at maximum capacity! 🕵️‍♂️

According to NBA insider Brett Siegel of ClutchPoints, the prolonged free-agency timeline for LeBron James might have a huge underlying motive: August 6th. That is the exact date Anthony Davis becomes https://t.co/OlsyKEAyWR"
2079687989718810922,2026-07-21,1,0.9978912472724915,"New LeBron James Rumors on Decision Timeline, Reaction from Teams Eyeing NBA Free Agent (via Bleacher Report)

https://t.co/2BNH4EeBff"
2079687267648466997,2026-07-21,1,0.9977949857711792,"Jalen Brunson Finally Breaks His Silence on the Viral Taylor Swift Wedding Rumor

https://t.co/VX1nS78MXy

#knicks #nyknicksnews #nyknicks #nba #brunson #taywedding"
2079664951342317673,2026-07-21,1,0.997822642326355,"FORTNITE ITEM SHOP RELEASE DATES!

- Deadmau5 8ths Jam Track: July 23
- Dexter And The Moonrocks Freakin Out Jam Track: July 23
- FREE Ice Spice + Patrick SpongeBob Guitar Reward (also doubles as a pickaxe) Twitch Drops Rewards: July 23
- Festival Music Pass Season 15: July 29
- https://t.co/OeYDROGgjd"
2079639679385641443,2026-07-21,1,0.9976263642311096,"🚨 WE’RE LIVE TONIGHT! 🎙️🔥
World Cup Final recap, NBA rumors, NFL updates, WWE debates &amp; more!
Join Squad Sports Cast at 8:30 PM EST on YouTube.
👇 Drop your hottest sports take:
🏆 Who had the biggest weekend?
#SportsTalk #WorldCup #NBA https://t.co/ikaSa6frJx"
2079607913157423262,2026-07-21,1,0.9979212880134583,"HOOPS HABIT
NBA Rumors: Nightmare Kawhi Leonard scenario threatens to derail Clippers summer

By Cal Durrett

https://t.co/umfDJC6bCt"
2079558748129878149,2026-07-21,1,0.9978892207145691,"Rich Paul takes a shot at the NBA media for the LeBron James rumors 😳😳

“I’ll say it again, none of these people know anything. Nobody knows nothing, and I say that respectfully because we haven’t made it to where anyone knows anything.” https://t.co/og5Knm676l"
2079555601659768998,2026-07-21,1,0.9978628754615784,NBA Trade Rumors Today: Latest Buzz &amp; Blockbuster Deals https://t.co/vo2GT0G1os https://t.co/bfOUEJCtxT
2079554612135407901,2026-07-21,1,0.9978333115577698,"Rich Paul Addresses LeBron Narrative That James 'Loves the Attention' of NBA Free Agency, Rumors https://t.co/ZPmDgc8m8B"
2080104638766887082,2026-07-22,1,0.9054376482963562,"🔮 RUMOR

The #Pelicans have resisted all trade offers for F Trey Murphy III with the intention of competing next season (via @KevinOConnor) #NBA

Will New Orleans make the playoffs next season?👇 https://t.co/IDrZf8DV2W"
2080104207458205727,2026-07-22,1,0.9979255199432373,"🔮 RUMOR

The #Grizzlies and veteran G D’Angelo Russell are working on a buyout or trade (via @KellyIko) #NBA

Will D-Lo be with another team at the start of next season?👇 https://t.co/pnVXDIs4is"
2080075949584863340,2026-07-22,1,0.9978998899459839,"#sleepersauce  The #News #No #One Is #Talking #About_

🙆‍♂️🤦‍♂️After #Lebro Signs the clogged pipes of the #NBA will be #reopened and the #trades and #moves will gush out like a #Geyser so many moves  your heads going to #spin. 

🎯 #Bradley #Beal

#Beal continues to be #mentioned in https://t.co/5O24Gv9WsW"
2080070189929140555,2026-07-22,1,0.9126742482185364,"The Washington Wizards are reportedly interested in a reunion with Russell Westbrook 🧙🏼‍♂️

Westbrook averaged 22.2 PPG, 11.5 RPG &amp; 11.7 APG with Washington back in 2020-21 ⚡

(via NBA Trade Rumors) https://t.co/Me3cXpE7bM"
2080060762782069148,2026-07-22,1,0.9978565573692322,"Everyone is watching NBA rumors, but the prediction market already has Miami leading.

LeBron to Heat at 50% on @bananagun Predict.

Cavs 26%
Warriors 12%
Sixers 9%

Feels like the market knows where the smoke is. https://t.co/eIWYca3E5w"
2080060746784756130,2026-07-22,1,0.997919499874115,"NBA Rumors: Hawks, Jonathan Kuminga, Cavs, Dennis Schroder, Lakers https://t.co/n2O2GSHKMY"
2080060715239354821,2026-07-22,1,0.997919499874115,"NBA Rumors: Hawks, Jonathan Kuminga, Cavs, Dennis Schroder, Lakers https://t.co/XYke7IoLyo"
2080051695589974247,2026-07-22,1,0.9979422688484192,"Rumor: These 4 NBA teams almost traded for Lu Dort.

📸 Alonzo Adams, Alonzo Adams-Imagn Images https://t.co/Tfvnn9uPxw https://t.co/rRPlmjCZ0s"
2080043607243788323,2026-07-22,1,0.9979121088981628,"Rumor: Anthony Davis to the Cavs for LeBron to join. Idk about this one

#cavs #nba #lebron https://t.co/A8mGgoL7gv"
2080033477597045095,2026-07-22,1,0.9979583024978638,"NBA Trade Rumors: LeBron James Impact, Zion Williamson Interest &amp; the Big Board https://t.co/gdLjLFVlwj via @heavysan well Zion has been traded it’s just not official yet"
2080031350221144275,2026-07-22,1,0.9979137778282166,"Honest question for NBA twitter:

The LeBron-to-Miami rumors are everywhere. Miami just hit 49 cents on Kalshi and whales have put $1.7M behind it in 24 hours.

But $676K in whale money is fading the rumors at the same price.

Leaks = signal or leaks = trap? https://t.co/AZa5FYO62g"
2080020166860042385,2026-07-22,1,0.997886598110199,"Is LeBron James STOPPING the Entire NBA Schedule? 🏀 | Trade Rumors #Shorts

https://t.co/LxbxVwVDQA"
2080013902373585214,2026-07-22,1,0.9941151142120361,"Former Suns PF Markieff Morris had a wild trade rumor that sparked a crazy debate online.

What did Morris have to say about his idea for a @Suns trade, and who would it involve?

#NBA #Suns

https://t.co/o4rt89J0YG"
2080013813458374907,2026-07-22,1,0.9979372024536133,"NBA rumors: Insider shuts down Lakers-Mavericks trade ideas despite Luka Doncic ties
https://t.co/k2Ljx9JVEA"
2080013702107926667,2026-07-22,1,0.9978861212730408,"NBA rumors: Why insider is ruling out Russell Westbrook returns to Wizards, Kings
https://t.co/78hnC8AHGl"
2080013184044339616,2026-07-22,1,0.9978861212730408,"NBA rumors: Why insider is ruling out Russell Westbrook returns to Wizards, Kings
https://t.co/Es8LFs7Auh"
2080013119036764582,2026-07-22,1,0.9979372024536133,"NBA rumors: Insider shuts down Lakers-Mavericks trade ideas despite Luka Doncic ties
https://t.co/hadwemDkrf"
2080012652797964474,2026-07-22,1,0.9979372024536133,"NBA rumors: Insider shuts down Lakers-Mavericks trade ideas despite Luka Doncic ties
https://t.co/Cr08IVFWnO"
2080012507280720127,2026-07-22,1,0.9979007244110107,"NBA rumors: LeBron James suitors in on former No. 5 pick
https://t.co/6EjtVFvDVW"
2080012453174247524,2026-07-22,1,0.9979419112205505,"NBA rumors: Lakers’ trade secret behind Bronny James following LeBron James to new team
https://t.co/ox1FKzoq2W"
2080010004506071286,2026-07-22,1,0.9979109168052673,"NBA rumors: Kendrick Perkins reveals Rich Paul conversation that claims LeBron James backed off free agency decision
https://t.co/Yo5CL4uNrB"
2080009206564798857,2026-07-22,1,0.9979109168052673,"NBA rumors: Kendrick Perkins reveals Rich Paul conversation that claims LeBron James backed off free agency decision
https://t.co/2mJVgCGAhQ"
2080008899105538345,2026-07-22,1,0.997911274433136,"🏀🚨 LeBron Back to Cleveland? College Football Rankings Spark Outrage as Hot Take Season Heats Up 🔥

The NBA rumor mill is in overdrive after fresh speculation linked LeBron James with a possible return to the Cleveland Cavaliers, leaving fans wondering whether the four-time https://t.co/rpXeK06xEt"
2080008850585862343,2026-07-22,1,0.9978244304656982,"FORTNITE ITEM SHOP RELEASE DATES!

- New Ice Spice Skin: July 23
- SpongeBob Patrick Star Sidekick: July 23
- Ice Spice SpongeBob Big Guy Emote: July 23
- Ice Spice Big Guy Jam Track: July 23
- Jeep Wrangler Car Body: July 23
- Deadmau5 8ths Jam Track: July 23
- Dexter And The https://t.co/NfWrlkPnnj"
2080008420732911645,2026-07-22,1,0.9946318864822388,https://t.co/IcrMYHlRct All Signs Point To THIS... | Daily 227's YouTube Chili' Indianapolis Chili' Colts #ForTheShoe https://t.co/vpgsAaFkSw Spicy' https://t.co/1EFiAZqQfl Spicy' NBA Mix! News &amp; Rumors: Colts Latest is not… https://t.co/q4jsqTJKox https://t.co/KHnRC7ShqF
2080007723240829220,2026-07-22,1,0.9979434609413147,"Rumor: These 4 NBA teams almost traded for Lu Dort

📸 Alonzo Adams, Alonzo Adams-Imagn Images https://t.co/AxIacGzRMV https://t.co/tn60a4Qqkf"
2080005251701064057,2026-07-22,1,0.9979187846183777,"Rumor: These 4 NBA teams almost traded for Lu Dort (via @The_ThunderWire):
https://t.co/Og6NoWAr5G"
2080001309596430659,2026-07-22,1,0.9979310035705566,"NBA Rumors: Wizards, roster spot, Nuggets, Cam Johnson, Hawks https://t.co/hVN5AqpsNi"
2080001280743821354,2026-07-22,1,0.9979310035705566,"NBA Rumors: Wizards, roster spot, Nuggets, Cam Johnson, Hawks https://t.co/2s9mBVh5Vj"
2079982985483346342,2026-07-22,1,0.9613093137741089,"At this point when it comes to the @PelicansNBA in the #NBA, I'm to the point where idc about trade rumors and the interest other teams have. Until #Joedumbars make a major move, our team will suck."
2079976904384471207,2026-07-22,1,0.9684920907020569,"Scott Hastings heard the rumor and went straight to the source 😂

No speculation. No hesitation. Just veteran-level questioning.

Denver fans know exactly why he is beloved. 🏀

#NBA #Nuggets https://t.co/qEpTLa6ZYF"
2079967418986725462,2026-07-22,1,0.9977114200592041,"🔮 RUMOR

The #Clippers are interested in acquiring #Hawks FA F Jonathan Kuminga via sign-and-trade (via @MikeAScotto) #NBA

Would Kuminga be a good fit with the Clippers?👇 https://t.co/GzWNF0Amiw"
2079967285733671163,2026-07-22,1,0.9978657364845276,Aaron Gordon Trade to #Spurs? New #Nuggets Rumor Has NBA Fans Talking by @kylerfox https://t.co/0hP0d8VD5V
2079963207427399823,2026-07-22,1,0.9978862404823303,"🔮 RUMOR

The #Hornets are showing interest in #Cavaliers G Dennis Schroder (via @MikeAScotto) #NBA

Should Charlotte make a move for Schroder?👇 https://t.co/TaUU6MnbfP"
2079928267960971372,2026-07-22,1,0.9976885318756104,NBA free agency rumors got everyone arguing in the group chat
2079923763479458219,2026-07-22,1,0.9978359341621399,"LEBRON TO MIAMI IS A GUARANTEED DONE DEAL

A leaked Miami YouTube video sparked massive rumors about an imminent reunion. 
Over $36m in volume confirms smart money is moving aggressively.

Miami holds a commanding 50%, easily outpacing Cleveland at 27%. 
Pat Riley confirmed https://t.co/CSDxjbyM36"
2079917842078765327,2026-07-22,1,0.9979307651519775,"NBA Trade Rumors Today: Kuminga, Lakers, Bucks Buzz https://t.co/LXzGyYXhXL https://t.co/5aKrV20ERF"
2079917341811601619,2026-07-22,1,0.9979332685470581,https://t.co/IcrMYHlRct The Colts Situation Just Got COMPLICATED… | Daily 227's YouTube Chili' Indianapolis Chili' Colts #ForTheShoe https://t.co/vpgsAaFkSw Spicy' https://t.co/1EFiAZqQfl Spicy' NBA Mix! News &amp; Rumors: Colts… https://t.co/i3wQn1tYHX https://t.co/KHnRC7ShqF
2080465552066417114,2026-07-23,1,0.9979299306869507,"Hacksaw's Hot Headlines--Stories on WEBSITE

PADRES PITCHING FALTERS
PADRES-PIRATES DEAL
TRADE RUMORS
DODGERS GO TO WHITE HOUSE-WHY?
NFL NOTEBOOK
NBA-NHL-AUTO RACING-GOLF

Link to all the sports stories:
https://t.co/Bv6D9Mc0eH"
2080453907780895042,2026-07-23,1,0.9979057312011719,"NBA rumors: The obvious reason Draymond Green isn't following LeBron James if he doesn't choose Warriors

https://t.co/BHJBueBriF"
2080444904120123465,2026-07-23,1,0.9977931976318359,"LeBron James FREE AGENCY LIVE: Sixers Rumors, NBA News &amp; Reactions https://t.co/qmslLtIR6B"
2080433436821463521,2026-07-23,1,0.9979233145713806,"LeBron Trade Rumors Heat Up 👀🏀

Follow us @TheWileyWire for more daily content🏀

Trade speculation surrounding LeBron James continues to dominate the NBA offseason after reports suggested multiple teams have shown interest in the Lakers superstar. While no deal appears to be https://t.co/hpnlaha5O1"
2080433407000223861,2026-07-23,1,0.9974058270454407,"LeBron James free agency rumors continue

Speculation around LeBron James remains the biggest NBA story. Reports say he's getting closer to announcing his next team, while rumors continue to link him with the Miami Heat, Golden State Warriors, Cleveland Cavaliers, and others."
2080425474367328615,2026-07-23,1,0.9979082345962524,NBA trade rumors are blowing up feeds again—chaos everywhere. #NBA #TradeSeason
2080412787591782725,2026-07-23,1,0.9979075193405151,New Lakers Rumors on Jonathan Kuminga Pursuit in NBA Free Agency After LeBron James Exit (via Bleacher Report) https://t.co/eZwzrDfLcL
2080383930658623630,2026-07-23,1,0.9978354573249817,"FORTNITE ITEM SHOP RELEASE DATES!

- Bikini Bottom Ice Spice Skin: July 23
- Patrick Star Sidekick: July 23
- Ice Spice Big Guy Emote: July 23
- Ice Spice Big Guy Jam Track: July 23
- Jeep Wrangler Car Body: July 23
- Deadmau5 8ths Jam Track: July 23
- Dexter And The Moonrocks https://t.co/uxPfCJhLSH"
2080362453985087597,2026-07-23,1,0.9978723526000977,"Glasgow ➝ Team Kenya lights up CWG 🏅  
NBA ➝ LeBron rumors keep fans awake 🏀  
Nairobi ➝ cold nights ➝ warm scrolls 🌙🔥  

Late squad ➝ vibes never fade 💫  
#CWG2026 #NBA #NairobiNights https://t.co/d6YYSMhYVX"
2080350362356031519,2026-07-23,1,0.9978972673416138,"76ers fans are patiently waiting on the LeBron James decision, but the Sixers are in a good spot despite rumors.

#NBA #76ers https://t.co/oL1hGeVyvD"
2080340945233473585,2026-07-23,1,0.9979299306869507,"LeBron James to the Knicks? Stunning Rumor Reveals Why New York May Have Lost Its Chance
👇👇👇👇👇👇👇👇

https://t.co/7KNA2TJThI

#knicks #nyknicks #lebron #lebronjames #nba #newyork"
2080331698168869132,2026-07-23,1,0.9979249238967896,"NBA and LeBron James fans, brace yourselves! This breaking news might catch you off guard. Rumors are swirling that a move to the Golden State Warriors is NOT in LeBron's best interest. Stay tuned for more. #NBA #LeBronJames #Lakers https://t.co/dZZFX8RyUF"
2080330180372136433,2026-07-23,1,0.9977400302886963,"What began as a flurry of rumors about LeBron James’ next NBA destination has now congealed into a protracted waiting game.

“Nobody knows right now except LeBron,” said a source close to James, “and I’m not even sure LeBron knows.”

https://t.co/phsv0KKqWo"
2080314534267384094,2026-07-23,1,0.9979385733604431,"With new rumors about a LeBron James and Kyrie Irving reunion this summer, I look at 5 teams that could get them back together, including the #Rockets and #Suns. #LeBron #LeBronJames #KyrieIrving #NBA
https://t.co/r8A0fyHUxd"
2080310011901645130,2026-07-23,1,0.9974319338798523,"RUMOR MILL:

🏀 Mario Hezonja returning to the NBA? 
🏀 Anthony Davis in Cleveland? 
🏀 Jalen Green (🤣) in Wine &amp; Gold?

Link below 👇🏾 https://t.co/fcXsQz3D5w"
2080292908452979107,2026-07-23,1,0.9979459643363953,"#NBA Rumors: Free Agent #OchaiAgbaji, who #Suns previously explored trading for, still interested in Phoenix? 

#Lakers, other teams rumored to be in consideration? https://t.co/8QMlyVZwdS"
2080289561306173661,2026-07-23,1,0.9979547262191772,"#NBA Rumors: Phoenix #Suns believe they now have several paths, multiple options to return #DevinBooker &amp; team to contender status no later than 2027-2028 season? 

Do you believe they can do it? https://t.co/T2lmoMm3XX"
2080288042502500498,2026-07-23,1,0.9978083968162537,"#NBA Rumors: #Suns GM Brian Gregory &amp; front office continue to have ongoing extension discussions, also monitoring league landscape for ""predatory opportunities"" per source

Phoenix is happy with their team but will always look to uncover &amp; explore opportunities to improve https://t.co/wXZbZQUJ3t"
2080280624779121143,2026-07-23,1,0.9964439272880554,"One blockbuster trade rumor. One baseball legend. Plenty of opinions. ⚾🏀
If you were running the front office, what would you do?
#deadpeopletalking #NBA #Giannis https://t.co/1w9iZyvJHs"
2080812594403725816,2026-07-24,1,0.9979082345962524,"BREAKING: LeBron James will play his 24th NBA season with the Philadelphia 76ers, calling the move his ""last decision"" before retirement.

James, in a post on X, said he was ""pretty sure"" he had played his last game, but he still truly loves basketball.

""I’m not going for money. https://t.co/MDlNXpl09c"
2080780509555113996,2026-07-24,1,0.997923731803894,"NBA rumors: LeBron James’ camp calls out free agency ‘lie’ peddled by Kendrick Perkins on ESPN
https://t.co/XtLe3faYfa"
2080772007730545056,2026-07-24,1,0.997882068157196,NBA trade rumors are melting timelines everywhere. Fans losing their minds. #NBA #TradeSeason
2080766180948590794,2026-07-24,1,0.9979265928268433,@Andrew_Fenichel every time there is a NBA trade rumor could you hop on a plane for me?
2080762954614759577,2026-07-24,1,0.9961037635803223,"The sports x crypto crossover is getting interesting. 👀
With Polymarket showing 44% odds for LeBron's next destination and NBA discussions heating up, prediction markets are becoming the go-to place for real-time sentiment.
Whether the Miami scenario happens or not, it's https://t.co/MzHGEOIGD4"
2080759965925388739,2026-07-24,1,0.9977961778640747,"SPECIAL EDITION OF THE PLATFORM SPORTSTALK SHOW!

The wait is finally over...

Join us LIVE TODAY at 5:00 PM CST as we break down ""The Final Decision of LeBron.""

After months of speculation, rumors, and nonstop debate, LeBron James has made his decision, and our panel is ready https://t.co/3ArXG3ZAyV"
2080754041055834194,2026-07-24,1,0.9978070855140686,"FORTNITE ITEM SHOP RELEASE DATES!

- Metalhead Meow Skulls Skin: July 24
- Invincible Skin: July 24 
- Bobomi Sidekick: July 24 
- SpongeBob Squarepants Sidekick: July 25
- Obsidian King Skin: July 26
- Ivory Queen Skin: July 26
- Festival Music Pass Season 15: July 29
- FNCS https://t.co/xXlZEDIAbA"
2080747994358440294,2026-07-24,1,0.9978354573249817,"Multiple high-ranking team owners, executives, and league insiders believe the 2026 season will likely be Cathy Engelbert’s final year as WNBA Commissioner, as her current contract is set to expire at the end of the year. 🤣😂😅🥳🥰

Speculation regarding her EXIT has intensified https://t.co/igjTOBMbgR"
2080739950668943448,2026-07-24,1,0.997890293598175,"@sixers @NBA @SiriusXMNBA Imagine being JBrown and proving you could be team leader
Then you’re traded and you’re now the number 3 option or 4th option 
When do the unhappy rumors start?"
2080731022203744462,2026-07-24,1,0.9979162812232971,"MARTIAN FC RULES

MAGIC TOP SEED DEFIANCE = BLOCK
SUNS DISRESPECT = ANNIHILATION
SPREADING JALEN GREEN TRADE RUMORS = 🤔👀… BLOCK
PAOLO MVP PRAISE = MANDATORY
MIAMI PRAISE = BLITZ

HELLO WORLD, I AM READY FOR NBA XITTER https://t.co/0ZYgBPkfJE"
2080729895236255808,2026-07-24,1,0.9979308843612671,"#BayArea Sports — Lunch Break Edition

- NBA Trade Rumors: After LeBron James Decision, Massive Moves Ahead
- LeBron Notes: Sixers, Cavs, Heat, Warriors, Wolves, Bronny
- NFL Analyst: 49ers’ $88 Million Star ‘Hasn’t Earned’ Massive Paycheck

#BayAreaSports"
2080693137660641502,2026-07-24,1,0.9978628754615784,"🤖 On the radar: nba free agents 2026

New Cavs Rumors on Mario Hezonja Interest Amid LeBron James Pursuit in NBA Free Agency

Follow @agenticgeni for daily AI &amp; tech. #NbaFreeAgents2026 #AI #Tech https://t.co/iK9NpJZMZO"
2080685332094193775,2026-07-24,1,0.997861921787262,"LeBron James 2026 NBA Free Agency Live Updates, Tracking Latest Rumors for NBA Star
30 minutes ago ● Bleacher Report

More news link : https://t.co/1ZHtvyRFyX

After playing as the Los Angeles Lakers' star forward............ 

#lebronjames 
#lebronjamestransfer
#BreakingNews https://t.co/2arHOhU521"
2080681961711182109,2026-07-24,1,0.9977930784225464,"In this video, we break down the latest speculation, trade rumors, and what a potential move to Minnesota could mean for LaMelo Ball, the Timberwolves, and the NBA landscape. https://t.co/dhgnkQhRYn"
2080667395044118927,2026-07-24,1,0.9978790283203125,"🔮 RUMOR

Star RFA C Jalen Duren still wants the max five-year, $287 million contract from the #Pistons (via @KellyIko) #NBA

Should Detroit give Duren the max?👇 https://t.co/dwJmM4zJ9k"
2080658569439928606,2026-07-24,1,0.9978151321411133,"The offseason is usually a busy time for any GM.

But to Joe Dumars and the New Orleans Pelicans, they're choosing to run it back.

While guys like Trey Murphy III and Herb Jones have been rumored to be on the trade block, thus far they've only made these changes since the https://t.co/CAHpxgSGWe"
2080658507687489868,2026-07-24,1,0.9978811144828796,ESPN's Adam Schefter addresses LeBron James' NBA future after Heat rumors | Fox News https://t.co/TwVOnT6DEM
2080653614591164496,2026-07-24,1,0.9978923201560974,"The LeBron free agency saga is somehow getting even weirder. Now we've got a former teammate giving him advice while the Kyrie rumors just won't quit.
#LeBronJames #KyrieIrving #NBA https://t.co/xWTzWq59yU"
2080650136732959207,2026-07-24,1,0.997931957244873,"🔮 RUMOR

#Lakers star FA F LeBron James has been angling behind the scenes for the #Cavaliers to acquire star G Kyrie Irving, but the #Mavericks aren’t interested (via @VinceGoodwill) #NBA

Is Kyrie the piece to get LeBron to commit to Cleveland?👇 https://t.co/VY5UkIVlj9"
2081144862817046591,2026-07-25,1,0.9978702068328857,"🚨 BREAKING: LeBron to the 76ers for $8M?!

This is exactly how crypto rumors sound 5 minutes before everyone apes in. 😂💀

#NBA #LeBron #Memes #Crypto
#pumpfun
#memecoin #newmeme
#phantom

https://t.co/Bbf6yBiOFR https://t.co/xERko4AIGh"
2081128180975354018,2026-07-25,1,0.9978494644165039,"""New Warriors Rumors on Draymond Green Contract After LeBron James' Decision to Join 76ers in NBA FA"" https://t.co/xNJCMisJDS"
2081126128366858547,2026-07-25,1,0.9978806972503662,"🔮 RUMOR

The #Warriors are expected to hold extension talks with G Brandin Podziemski this summer (via @BrettSiegelNBA) #NBA

What will Podziemski’s new deal with Golden State look like?👇 https://t.co/XZ8p33LOtg"
2081109573893501416,2026-07-25,1,0.9978127479553223,"FORTNITE ITEM SHOP RELEASE DATES!

- SpongeBob Squarepants Sidekick: July 25
- Obsidian King Skin: July 26
- Ivory Queen Skin: July 26
- Festival Music Pass Season 15: July 30
- Lil Tecca Skin: July 30
- FNCS Champion Aphrodite Skin: July 31
- August Crew Pack: July 31
- https://t.co/gEy0kY16vO"
2081097697520713773,2026-07-25,1,0.9939314126968384,https://t.co/IcrMYHlRct 🔥THIS IS HUGE: The Jets Got The STEAL Of The Offseason!: 227's YouTube Chili' New York Chili' Jets #TakeFlight https://t.co/NSJKokjJrp Spicy' https://t.co/JT3Bkkvg2P Spicy' NBA Mix! news and rumors on… https://t.co/QRXQM0R8Ve https://t.co/KHnRC7ShqF
2081062061006618674,2026-07-25,1,0.9979264736175537,"Undisclosed reasons for the podcast's end, LeBron to the 76ers rumors, and thoughts on the new Avatar series trailer. Plus, a strong take on Joel Embiid. #Podcast #NBA #Avatar https://t.co/c5u3Inof6X"
2081053737829663077,2026-07-25,1,0.9978692531585693,"The Wizards and Mavs took one look at those trade rumors for AD and Kyrie and just laughed. Even LeBron and Rich Paul didn't make any demands. Some front offices are just completely uninterested in playing along.
#AnthonyDavis #KyrieIrving #NBA https://t.co/9tYbtTrWcI"
2081048569751191713,2026-07-25,1,0.9979075193405151,"#NBA Rumors: As we've been saying, keep an eye out for the #Portland #Trailblazers to potentially look at moving to #Seattle to rebirth the #SuperSonics 

#Memphis Grizzles becoming Las #Vegas Jacks shouldn't be ruled out either"
2081041868553343053,2026-07-25,1,0.9979041814804077,"🔮 RUMOR

The #Warriors are expected to re-sign FA F/C Draymond Green to a contract starting at $28 million per year (via @joevardon) #NBA

What does Golden State need to do after missing out on LBJ?👇 https://t.co/PbANvWinTD"
2081026350354448709,2026-07-25,1,0.9979338645935059,"1/6
🚨 LeBron James to the 76ers rumors are exploding on X!
Helicopter commutes from New York? This saga just got wilder.  Full breakdown of the latest Hollywood-sports crossover 📷#LeBronJames #NBA"
2081023756047094172,2026-07-25,1,0.9979436993598938,"Rumors suggest LeBron isn't waiting on Anthony Davis's decision. While AD would be a plus, many championship contenders don't necessarily need him to contend. #NBA #LeBronJames #AnthonyDavis https://t.co/ca3IkLlt6O"
2081517544230314197,2026-07-26,1,0.9976412057876587,"🚨 LeBron James to the Philadelphia 76ers?

The rumors just won't go away, and NBA fans are split.

Would a LeBron-Embiid duo dominate the league?

🏀 Yes
❌ No

Drop your take below. 👇

#NBA #LeBronJames #Sixers https://t.co/0bIlq16Cec"
2081509756129452208,2026-07-26,1,0.9978440999984741,Karl-Anthony Towns Reflects On Bringing NBA Title To New York | Hoops Rumors https://t.co/Snpe76Q3Mp
2081473831579824193,2026-07-26,1,0.997818112373352,"FORTNITE ITEM SHOP RELEASE DATES!

- Peacemaker Skin: July 26
- Black Manta Skin: July 26
- Snoop Dogg Cadillac Deville Car Body: July 26
- Obsidian King Skin: July 26
- Ivory Queen Skin: July 26
- Ben 10 Skin: July 27
- Defender D7X R Car Body: July 27
- Season 15 Festival Music https://t.co/mNoWHcMwwE"
2081460610949083362,2026-07-26,1,0.9979103207588196,"NBA rumors: When Cavs tried, failed to make Cam Johnson trade with Nuggets
￼per @CavPrincipal https://t.co/NHWWbh3UVu"
2081456485503267107,2026-07-26,1,0.9978825449943542,"#NBA Rumors: Most expansion groups bidding for a franchise have chosen to remain anonymous

As you can imagine, some very interesting names will later be revealed

Big announcements coming in 2026 #NBAexpansion #Sports"
2081453576933581187,2026-07-26,1,0.9979369640350342,NBA rumors: Mavericks continue posing complication for Heat’s Klay Thompson desires per @ClutchPoints https://t.co/OWzDswE2no
2081439408490950927,2026-07-26,1,0.9979504942893982,"🏀 Kyrie Irving remains at the center of NBA trade rumors.

🔥 No deal is confirmed, but his future with the Mavericks continues to spark debate.

Will Kyrie stay in Dallas? 👀

#KyrieIrving #NBA #Mavericks #NBATradeRumors https://t.co/1Ggtnl3eNf"
2081404929063747833,2026-07-26,1,0.9979255199432373,"Top 10 NBA Players (unbiased)

Pilgeous
Jokitch
Trade Rumors
Victim Chembynchama
Anthony Devonte Edwards.
Chuka Dogshitch
Kawhi Leonard
Jalen “My dads a rapist” Brunson
Cade “Turnover” Cunningham 
Jaylen Clown
Wardell Stephen Curry 
🔄 Kevin Durcan’t"
2081372486504198281,2026-07-26,1,0.9978888630867004,"This NBA offseason has been absolute cinema.

Every day there's a new blockbuster move, a new rumor, and another fanbase losing their minds.

We're not even done yet. 🍿🏀
#NBAX #NBAFreeAgency"
2081367431604265307,2026-07-26,1,0.9978951215744019,"NBA trade rumors feel nonstop, even during quiet stretches. #NBA #TradeSeason #Basketball"
2082569627197186550,2026-07-29,1,0.9978455305099487,"https://t.co/CbrScewdJd The Secret is out! LeBron James's goal from the day he got drafted was to erase Michael Jordan's memory and replace him as the new GOAT. But this is my belief, not Gary 828 Sports Talk's, about how this came about. This story is based on rumors and"
2082556581305024520,2026-07-29,1,0.9979358911514282,"The WNBA card market is heating up, and there's a massive NBA trade rumor swirling: Jaylen Brown and Paul George potentially on the move. What do you think of this take? #WNBA #NBATrades https://t.co/fm0qhfdzzG"
2082543238523535570,2026-07-29,1,0.9978119134902954,"FORTNITE ITEM SHOP RELEASE DATES!

- Season 15 Festival Music Pass: July 30
- Lil Tecca Skin: July 30
- Tour Ready Lil Tecca Skin: July 30 
- Ransom Toon Lil Tecca Skin: July 30
- Lil Tecca Dark Thoughts Emote: July 30
- Spiderman Brand New Day Skin: July 30
- Punisher Skin: July https://t.co/wioV4ics1D"
2082542178048393611,2026-07-29,1,0.997825026512146,"NBA rumors: Celtics confirmed as failed LeBron James suitor
https://t.co/4QHndQbn7m"
2082541768520679889,2026-07-29,1,0.997825026512146,"NBA rumors: Celtics confirmed as failed LeBron James suitor
https://t.co/CWO50g4XZ1"
2082541381470269546,2026-07-29,1,0.9977285265922546,"NBA rumors: Rich Paul had no idea Shams knew about LeBron James’ secret Cavs meeting
https://t.co/3Veq12BJXa"
2082540960005619712,2026-07-29,1,0.9977285265922546,"NBA rumors: Rich Paul had no idea Shams knew about LeBron James’ secret Cavs meeting
https://t.co/GyDhRqTZuY"
2082527178638475390,2026-07-29,1,0.9979107975959778,"Trade rumors are heating up: After the Warriors missed out on signing LeBron James, speculation about Curry's future exploded. However, multiple NBA insiders Continue to report that Curry is not expected to request a trade and the Warriors' priority remains keeping him. https://t.co/PXT7ahaVkh"
2082523807080726716,2026-07-29,1,0.9979085922241211,"🚨 TONIGHT AT 9 PM EST — VINNY’S CORNER LIVE!
https://t.co/2oNdgpAVK1

⚾ Lindor &amp; Holmes trade rumors
⚾ Vlad Jr.’s Rogers Centre drought
🏈 Shemar Stewart’s camp injury
🏀 LeBron, Embiid &amp; the new-look 76ers
🏒 Celebrini’s record-breaking deal
No scripts. No safe takes. Just https://t.co/Y5YvRgvIXh"
2082492822263890049,2026-07-29,1,0.9979119896888733,I’m not letting this Russell Westbrook retirement rumor bother me because this is every year and mind you there enough time left for him to get sign and what does bother me is how he is better then 80% of these players at this state of his career and they are on a nba team
2082451592196804830,2026-07-29,1,0.99788898229599,Stephen Curry Proposed to Join Miami Heat Amid Growing NBA Trade Rumors - Yahoo Sports https://t.co/PKk9r4NOpP
2101850218568221010,2026-09-20,1,0.9978846907615662,I wish Keyonte all the success. I’m sure he’ll cope just fine with a video questioning his contract while his bank account grows by $157M. I’m just not convinced this was the time to lock in $157M before we know exactly what his role becomes as this roster shifts from 22-60 https://t.co/i9kxaAwUFq
2101813796448682044,2026-09-20,1,0.9979002475738525,"🔮 RUMOR

The #Hornets and #Hawks have discussed a trade centered around F Dorian Finney-Smith and G Buddy Hield (via @JakeLFischer) #NBA

Will we see this trade get done ahead of the season?👇 https://t.co/KL8QFnoYU5"
2101789563341410536,2026-09-20,1,0.9977797865867615,"FORTNITE ITEM SHOP RELEASE DATES!

- Honkai Star Rail Skin: September 20
- Nissan 350z Car Body: September 20
- Fallow The Fallen Skin: September 20
- Areta The Vengeful Skin: September 20
- Thana The Pale Skin: September 20
- FNCS Champion Focus Skin: September 20-22
- Kernel https://t.co/GyrpAaOeQ5"
2102197018785653104,2026-09-21,1,0.9978346228599548,"🚨👀 NBA BEN 10 &amp; OG 33 CASE UPDATE FROM MOE GANGAT AKA “LAWYER FOR WORKERS” :

Moe starts off by telling the internet to throw out everything they’ve heard about the case that has came from the internet 👀

Moe then Rips Claims of Ben 10 being “Broke” and says how is Ben 10 https://t.co/f7jMFOnUug"
2102192346230390944,2026-09-21,1,0.9978513717651367,"🚨🚨 NBA BEN 10 &amp; 33 UPDATE :

ZERO Paper Work Supports Claims / Fake Rumors of OG33 Being a Federal Informant on Ben 10 and other NBA Affiliates ✅

ZERO Paper Work Supports Claims / Fake Rumors of NBA Ben 10 Requesting a Speedy Trial due to “Bullying &amp; Harrasment” while being https://t.co/qT4okK4y6N"
2102177097636807167,2026-09-21,1,0.9978510141372681,"Latest NBA news, rumors: Clippers name interim team governor; Jalen Duren, Pistons still at impasse

https://t.co/jHoVo687Ts"
2102175061050327103,2026-09-21,1,0.997921884059906,"🔮 RUMOR

The #Bucks have serious interest in #Pistons star RFA C Jalen Duren (via @sam_amick) #NBA

Will the Bucks steal Duren from the Pistons?👇 https://t.co/LHa19mUZuw"
2102142391037624810,2026-09-21,1,0.9979339838027954,"🚨 BREAKING: Kyrie Irving trade rumors heating up as Mavs star's future in Dallas looks shaky ahead of 2026-27 NBA season. Will he stay or will he go? #Nigeria #NBA #DallasMavs

https://t.co/pkHGkToW1P

Drop your thoughts 👇"
2102121361451745373,2026-09-21,1,0.9978639483451843,"🔮 RUMOR

The #Pistons latest contract offer to star RFA C Jalen Duren is five-years, $200 million including incentives. It is “up in the air” if Duren will report to training camp next week (via @ShamsCharania) #NBA

Will Duren play for the Pistons this season, or elsewhere?👇 https://t.co/rkxhCSaMUq"
2102109408436326573,2026-09-21,1,0.997778594493866,"MEGAN THEE STALLION &amp; KLAY THOMPSON SPARK REUNION RUMORS 

Megan Thee Stallion and NBA star Klay Thompson are reportedly back together after the two were spotted getting cozy during a private date.

The sighting comes months after their reported split in April, with the latest https://t.co/4quDaESHjy"
2102096714639294608,2026-09-21,1,0.9976856708526611,"FORTNITE ITEM SHOP RELEASE DATES!

- FNCS Champion Focus Skin: September 21-23
- Osric The Uninvited Crew Pack: September 30
- FREE Gold Punk Skin: October 2 (Redeem Fortnite Gift Card)
- Bunny Mummy Quest Pack Bunnybone Skin: October 3
- Phantom Blade Zero Soul Skin: October 29 https://t.co/hbSkNr7kLz"
2102096082981564603,2026-09-21,1,0.997918426990509,"NBA: Jared McCain Shuts Down Music Career Rumors, Laser-Focused on the Thunder https://t.co/23HTzTHg38 #NBA #JaredMcCain #OklahomaCityThunder"
2102061166449041526,2026-09-21,1,0.9895145893096924,"Welcome to @ParagonNBA 

This account is run by @KronosSzn &amp; @TolleEnthusiast 

This account will be all things NBA! We are excited to bring you breaking news, the latest on trade and signings rumors, injuries, and more! https://t.co/665jOv6B8L"
2102024399142756719,2026-09-21,1,0.9978975057601929,#NBA #Yahoo Rumor Roundup: Hawks talking trade for Finney-Smith? https://t.co/K3tvmDuCjs
2102538138820227366,2026-09-22,1,0.9979175925254822,"MY 6 NBA HOT TAKES for the 2026-27 season:

1) Lakers are a top 2 best offense and a bottom 2 worst defense:

2) Pacers are the best team in the east and are neck and neck with Boston for most of the season:

3) Portland roster fits perfectly and they finish as a top four seed: https://t.co/lFqIRfFf0S"
2102537616197373969,2026-09-22,1,0.9979206919670105,"NBA HOT TAKES for the 2026-27 season:
Lakers are a top 2 best offense and a bottom 2 worst defense:
Pacers are the best team in the east and are neck and neck with Boston for most of the season:
Portland roster fits perfectly and they finish as a top 4 seed:
76ers and Nuggets are https://t.co/vghP8VcE4R"
2102512923558158461,2026-09-22,1,0.9979198575019836,"Know what's funny?

Boogie saying Tatum didn't speak out and support 7 at his lowest, when he was dealing with trade rumors/talks.

Now, switch it around. Tatum dealing with a catastrophic injury and Jaylen said... ""this was my most fun NBA season and favorite year""."
2102464348098834471,2026-09-22,1,0.9979071617126465,"#NBA Rumors: ""I believe the Phoenix Suns can be a very good, 40-50 win playoff team this season as-is. Devin Booker needs another legitimate star though. If they're not on the roster today, they [#Suns] need to go get them asap.""

-Anonymous"
2102460734336647226,2026-09-22,1,0.9977344274520874,"FORTNITE ITEM SHOP RELEASE DATES!

- Persona 5 Joker Skin: September 25
- Persona 5 Morgana Sidekick: September 25
- FNCS Champion Focus Skin: September 24-25
- Osric The Uninvited Crew Pack: September 30
- FREE Gold Punk Skin: October 2 (Redeem Fortnite Gift Card)
- Bunny Mummy https://t.co/ODptOcCLOe"
2102455548381937699,2026-09-22,1,0.997900128364563,"#NBA Rumors: ""I'm not sure enough basketball fans know how valuable of a player #CollinGillespie is growing into in Phoenix.""

""He [Gillespie] remained loyal to the #Suns but don't think he couldn't have had a guaranteed starting spot elsewhere.""

-Anonymous https://t.co/Yr9InLzyjQ"
2102447216564846630,2026-09-22,1,0.997918426990509,"#NBA Rumors: At just 20, the Phoenix Suns expect second-year big Khaman Maluach's frame to have much more potential to bulk up &amp; get stronger, in both the lower &amp; upper body

Will we see an even bigger ""Man-Man"" than 2026 NBA Summer League already? 🤔💭 https://t.co/TcyH3iWaiu"
2076848656674877603,2026-07-13,0,0.9976279139518738,"He also revealed how Russell Westbrook reacted to the news of Kevin Durant's departure.

https://t.co/SJmsAgOyMG"
2076848153689567390,2026-07-13,0,0.997298538684845,Denver Nuggets’ roster depth chart after free agency | NBA Insider https://t.co/Df2OcvsA3h
2076847971581214911,2026-07-13,0,0.9974370002746582,Denver Nuggets’ roster depth chart after free agency | NBA Insider: https://t.co/Xb7iBcfrkI
2076846735415255497,2026-07-13,0,0.9974538683891296,"LeBron James set to appear in New York with NBA future unknown

READ: https://t.co/w163Ce5iJY | @PhilstarNews #NBA"
2076846675021443576,2026-07-13,0,0.9966337084770203,If Joel was unhappy about the trade we’d hear about it! Hes not the type to silently sit back! He wants to run a championship so why would he be against this move?! You guys trying to create drama out of thin air @NBA @sixers
2076845917810958376,2026-07-13,0,0.9978170394897461,"NEW: As Heat falls to 1-2 in Vegas Summer League, Udonis Haslem says Adebayo-Herro fight ""blown out of proportion"" https://t.co/JqrtKbU6FA Also, Keshad Johnson still around Heat, Ryan Conwell and Trevor Keels dealing with minor ailments, a LeBron update, and more"
2076845085392506969,2026-07-13,0,0.9972459077835083,"Draymond made 'crazy' recruitment pitch to LeBron
https://t.co/uo2Im6QMC1

Draymond Green tried his best to sell LeBron James to the Warriors 🌉 as the unrestricted free agent continues to listen to players around the league ahead of his free agency decision."
2076843382538727829,2026-07-13,0,0.9545673727989197,[Video] NBA Insider Exposes The LeBron Klutch Jeanie Buss Power Struggle &amp; Perception Optics Within The Media #nba #lakers https://t.co/8rCOpFRAfj
2076842235337822322,2026-07-13,0,0.9976430535316467,"Too-early NBA Power Rankings: Why Spurs have edge over Knicks, Cavaliers and Heat both really need LeBron

https://t.co/WBxaf31ire"
2076842203331051717,2026-07-13,0,0.9398759603500366,Kyrie Irving &amp; LeBron James Reunion on Cavs? #nba #nbaviral #nbabasketball #basketball #cavs https://t.co/OGcxQCy5d8
2076842054693597521,2026-07-13,0,0.9978267550468445,"Heat news: Tim Hardaway Sr. delivers blunt take on Tyler Herro's Miami tenure

https://t.co/h5YXZb1vkz"
2076841531625906477,2026-07-13,0,0.9978639483451843,"NBA 🏀 | Hornets GM Jeff Peterson says LaMelo Ball trade was made with sustained long-term success in mind.

https://t.co/piCIFK02jM https://t.co/AdDEgi2Egz"
2076841167728095738,2026-07-13,0,0.9972622394561768,"Reports: Lakers sign Ziaire Williams to 1-year, $3M deal #NBA
 #Lakers #LakeShow https://t.co/JdQz1cC36c"
2076839609573794080,2026-07-13,0,0.8323252201080322,UFC 329 recap! What’s next for McGregor? World Cup Final Four! NFL/NBA talk and more on Rookies of the Year! #ufc #mcgregor #wimbledon #nba #nfl #argentina #france #fifa https://t.co/HfkHHKjH0y
2076839388848255305,2026-07-13,0,0.898615300655365,"If them nba leaks don’t come from Shams, TJones, Chris B Haynes, Sam Amick, or that Jake dude, ion wanna hear it. Don’t put it on my TL!"
2076839106273747162,2026-07-13,0,0.9976309537887573,Cothrum: Superstars like LeBron James are their own team | Opinion https://t.co/R8xOSSrnoi
2076837144161906896,2026-07-13,0,0.996505856513977,Imagine Bron just goes back to the Lakers after all of this lol. #nba
2076836472637055355,2026-07-13,0,0.9978078007698059,"NBA news: Rich Paul believes LeBron James has 'all the information needed' to make decision

https://t.co/Mb0XPAICSi"
2076835573658947601,2026-07-13,0,0.9974289536476135,How Denver Nuggets roster stands after two weeks of free agency | NBA Insider: https://t.co/ExKV0Cd5BK
2076835392574120062,2026-07-13,0,0.9974289536476135,How Denver Nuggets roster stands after two weeks of free agency | NBA Insider: https://t.co/x207lElklc
2077204418056102302,2026-07-14,0,0.9977843165397644,"LeBron James reportedly is focused on three teams as his free-agency decision looms 👀

https://t.co/NvALr6hvta"
2077199178115977263,2026-07-14,0,0.9978690147399902,The word Jaime Jaquez Jr. used to describe the Miami Heat trading him https://t.co/35qWAOXlMJ
2077198629224260085,2026-07-14,0,0.9727087020874023,"The Gary Trent Contract Has Many People Around The NBA Raising Their Eyebrows. Per, @ShamsCharania 

“There certainly is a lot of people raising there eyebrows around the league at this deal.” https://t.co/PZNrdyZV3X"
2077572662985928987,2026-07-15,0,0.9898738861083984,"BREAKING: Nuggets sign forward Marvin Bagley III

Source: @NBA
#NBA #NBAFreeAgency #MileHighBasketball https://t.co/E7K0CgQ3Mz"
2077569654516531254,2026-07-15,0,0.9977743029594421,"Per my sources, I’m hearing that LeBron to the Timberwolves will be finalized tomorrow. Here. We. Go. #nba #lebron #timberwolves"
2077568506623595000,2026-07-15,0,0.9976369142532349,"NBA expansion continues, bidding war under way for Seattle SuperSonics https://t.co/LNaH7FiR0i https://t.co/36SKkV8aoZ"
2077563083279536191,2026-07-15,0,0.9979029893875122,"Did Steve Kerr reveal the Warriors got LeBron James... or is he trolling? https://t.co/AA7HDVP7nj

📸 Rob Schumacher-USA TODAY Sports https://t.co/IXNkNJJ4ol"
2077562625131467116,2026-07-15,0,0.9751349091529846,"Rookie Quaintance has successful knee surgery 

LINK - https://t.co/UIeUzY34iN  #porvida #nba #sanantonio #gospursgo , https://t.co/Na1KklAqOy"
2077562035898859837,2026-07-15,0,0.997647225856781,Rich Paul Explains Ben Simmons' $30M Potential 🏀 #NBA https://t.co/LvcGkS3Tpm
2077561923411804480,2026-07-15,0,0.994471549987793,NBA Nighty Show (Off Season Trades and Signing) https://t.co/ULdDSYigC2 via @YouTube
2077560973557203337,2026-07-15,0,0.9244703650474548,"The Mavericks might be the biggest wild card in the NBA this season. They already have the pieces to compete, but if Cooper Flagg breaks out sooner than expected, Dallas could surprise everyone and make a serious run in the West.

https://t.co/fgt88qRx80 https://t.co/YfzI1OaITI"
2077935321782591892,2026-07-16,0,0.9975192546844482,ICYMI: The NBA is taking a closer look at the free agent deal between the Bucks and veteran wing Gary Trent Jr. https://t.co/60luZXbmbu
2077933312350519335,2026-07-16,0,0.9975882768630981,Giannis: Miami offers best path to another NBA title https://t.co/t7gW5UtV3l
2077932896313336239,2026-07-16,0,0.9976606369018555,"Steve Kerr had a hilarious reply to Warriors fans asking about LeBron James 😅
https://t.co/HXQJdabddz"
2077932604280496475,2026-07-16,0,0.9974108338356018,Tyrese Haliburton joined LeBron James on the 'Mind The Game' podcast; here's what they said about free agency and LeBron James' next team https://t.co/PGFxiFEDML
2077930090076266924,2026-07-16,0,0.9977521300315857,"BREAKING NEWZ  ..
NBA investigating Gary Trent’s head-scratching $64 million Bucks contract
https://t.co/tCzz9XBcF9"
2077928849514324384,2026-07-16,0,0.9933520555496216,"Pacers' all-star Tyrese Haliburton will be on LeBron James' podcast. No, that doesn't mean LeBron is signing with Indiana but it's fun to think about https://t.co/cZoQwa5EJ2"
2077928839942963264,2026-07-16,0,0.9885703921318054,"NBA Commish Silver says Caitlin Clark has become a 'political football' amid WNBA officiating debates
https://t.co/y9XEb35fxE"
2077927630750277635,2026-07-16,0,0.9978949427604675,"[Video] Anthony Davis On Pelicans Exit: No Tribute, Didn’t Want Zion Over Ja Morant #nba #pelicans ..
 https://t.co/QaDZunGbug"
2077924351396217237,2026-07-16,0,0.9973779916763306,▶️ https://t.co/qwq5GEGtOp Heat's Riley makes LeBron pitch; Giannis 'excited'... https://t.co/k5HgClxmPW https://t.co/PFaF30FQZK #Sportbooks #SportsBetting #OnlineBetting
2077924284429750350,2026-07-16,0,0.9978955984115601,"9🚨 DeMar DeRozan could be heading HOME. 🇨🇦👀

Reports say the veteran forward would welcome a return to the Toronto Raptors if the right opportunity presents itself.
A reunion might actually be on the table. 🍿
#DeMarDeRozan #Raptors #NBA #NBATwitter https://t.co/6Wq1V0invP"
2077922624148054306,2026-07-16,0,0.9978544116020203,"What is going on with Kawai? Not to mention DeRozan?! This was big news until the Debbie downer part and now we are left in limbo but for how long?!
@Raptors  @NBA  Who cares what team LeBron is going to like that is stupid hype! Get onto other news, please!"
2077921485704843602,2026-07-16,0,0.997901201248169,NBA Free Agency: Detroit Pistons And Jalen Duren Still At Odds In Contract Negotiation - Yahoo Sports https://t.co/AgvNjIA19o
2078296222759100574,2026-07-17,0,0.9953291416168213,"According to what I’ve read, NBA free agency, trade talks, and even the release of the NBA schedule are basically on hold until LeBron James makes his decision. I expect him to announce it Monday or Tuesday, after the FIFA Club World Cup final, so he can own the headlines."
2078294180888027431,2026-07-17,0,0.99736088514328,LeBron still mum as 'trust the process' sparks tizzy https://t.co/g7EM7AKlmT
2078290998019379430,2026-07-17,0,0.9976978898048401,"LeBron stirs up 76ers fans with 'trust the process' comment
https://t.co/2GtWOxwhXE"
2078289806891839607,2026-07-17,0,0.99764084815979,"Kings fans, everyone keeps talking trade packages like Zach LaVine wants out. He just opted INTO a $49 million player option. That's not what a guy who wants to leave does. worth a read: https://t.co/gNbabahEpw"
2078289723248849385,2026-07-17,0,0.99736088514328,LeBron still mum as 'trust the process' sparks tizzy https://t.co/1V4baw09vQ
2078289714923074043,2026-07-17,0,0.9978329539299011,"👀 Adam Silver: Goal is Blazers Stay in Portland, But ‘Open Issues’ Remain https://t.co/J9VowQEvTp"
2078288469961416994,2026-07-17,0,0.9977141618728638,"LeBron, still mum on decision, riles up fans with 76ers mantra https://t.co/vl44gytD7E"
2078660701225377823,2026-07-18,0,0.9978505373001099,Anthony Edwards doesn't think Timberwolves in running for LeBron James https://t.co/fugFCiUku0
2078660408953717113,2026-07-18,0,0.9978505373001099,Anthony Edwards doesn't think Timberwolves in running for LeBron James https://t.co/J9LM9ny5Ds
2078656568686416010,2026-07-18,0,0.9964627623558044,"I hope LA Lakers, LeBron James, Anthony Davis, Boston Celtics, Stephen Curry, Chicago Bulls, Warriors, Kevin Durant, Miami Heat, Luka Dončić, Jimmy Butler, New York Knicks, Joel Embiid, Philadelphia 76ers, Jayson Tatum, Brooklyn Nets, NBA, Islam &amp; Kawhi Leonard will spread

this. https://t.co/JqTYMOzAIv"
2078656266407182798,2026-07-18,0,0.9962387084960938,"Is Boston Celtics forward Hugo Gonzalez ready for a bigger role after Vegas breakout?

📸 Luiza Moraes, Getty Images https://t.co/akFZKTm6Nh https://t.co/qHcMl6L5B6"
2078656122446287006,2026-07-18,0,0.7976832985877991,Tyrese Haliburton Sends Strong Message Before NBA Return: Pacers Expect Star Guard Ready for 2026-27 Season https://t.co/BV7T3NaONX #TyreseHaliburton #NBAReturn #Pacers
2078652330778689715,2026-07-18,0,0.9977638721466064,"Kings' Biggest Need Following Up and Down Summer League | via @will_zimmerle 
https://t.co/fRtSwf53jX"
2078646351248658668,2026-07-18,0,0.8284944891929626,"🇳🇬 BREAKING: #Nigeria NBA Election: Badejo-Okusanya extends lead in presidential race

Source: Premium Times

via Afrinews"
2079015498788794557,2026-07-19,0,0.9937402009963989,"In the least romantic trade in NBA history, Brad Stevens took all the public heat and villainy onto himself, but in doing so, he guaranteed that Jaylen will never get booed in Boston for the rest of his life. He leaves a hero. Not a bad contract."
2079012465644609576,2026-07-19,0,0.9979398846626282,#NBA #RealNBA Lakers get bad Peyton Watson sign-and-trade news from NBA insider https://t.co/wG3EZ3jR05
2079003858324382147,2026-07-19,0,0.9978895783424377,🚨🏀 NBA: LeBron James Reportedly Has One Team He'd Never Join in Free Agency https://t.co/VVkHGnypoz
2078998831979450775,2026-07-19,0,0.997330904006958,"Atlanta Hawks Projected Lineup: 
CJ McCollum 
Nickeil Alexander-Walker 
Lu Dort
Jalen Johnson 
Onyeka Okongwu 

Kingston Flemings 
Ryan Nembhard 
Devin Carter
Aaron Wiggins 
Dyson Daniels 
Buddy Hield 
Corey Kispert 
Zuby Ejiofor 
Asa Newell 
Mohammed Gueye
Jock Londale 
Henri https://t.co/LSJB6Fxbcm"
2078998256961351878,2026-07-19,0,0.9974028468132019,"Atlanta Hawks Projected Lineup: 
CJ McCollum 
Nickeil Alexander-Walker 
Lu Dort
Jalen Johnson 
Onyeka Okongwu 

Kingston Flemings 
Devin Carter
Aaron Wiggins 
Dyson Daniels 
Buddy Hield 
Corey Kispert 
Zuby Ejiofor 
Asa Newell 
Jock Londale 
Henri Veesaar 

How far can this team https://t.co/xQpgABwLrH"
2078994776565703148,2026-07-19,0,0.9943091869354248,"From around the NBA: Rockets-Grizzlies, Warriors-Lakers set for Summer League semifinals

📸 via @NBA https://t.co/YpgsmvV4dB"
2079385602315764043,2026-07-20,0,0.9908363819122314,@NBA @ESPNNBA @NBATV why would LeBron go to Cavs when thy already gave him a farewell video? He might as well go GSW or Philly
2079385263780909492,2026-07-20,0,0.9979313611984253,ICYMI: NBA Free Agency: Should Detroit Pistons Push For DeMar DeRozan? https://t.co/WCbTs3WhHp
2079383776002543816,2026-07-20,0,0.9949913620948792,"If LeBron waits much longer to make his decision, his daughters high school concerns might not be a consideration, as she'll be finished with college. 

@KingJames 
@NBA"
2079383560163602893,2026-07-20,0,0.9925374388694763,PLEASE Sign With My @MiamiHEAT @KingJames I Think You And @Giannis_An34 and @Bam1of1 Being On The Same Team Would Be A Dangerous Combo 💪🏻😤🤟🏻🤘👏🙌😎 Make It Happen Pat Riley and Coach Spo Let’s GOOOOO Heat 🔥🔥🔥🔥🏀 #HeatCulture #HeatLIFER #KingJames #MiamiVice #Heat4LIFE @NBA
2079382861216395355,2026-07-20,0,0.9886976480484009,"Best available NBA free agents:

PG
James Harden
Russell Westbrook
Gabe Vincent
Brandon Williams
Aaron Holiday

SG
Bennedict Mathurin (R)
Bruce Brown
Bradley Beal
Gary Payton II
Andre Jackson Jr

SF
DeMar DeRozan
Spencer Jones (R)
Jae'Sean Tate
AJ Lawson
Doug McDermott

PF
LeBron"
2079382833752150340,2026-07-20,0,0.9977808594703674,Jeff Teague breaks down Lu Dort landing with the Hawks and there's ONE big problem #nba #hawks #ludort https://t.co/ajhhvCsCNr
2079382584442671430,2026-07-20,0,0.9974706172943115,"Shams: Arthur Kaluma &amp; Lakers reach agreement on two-way contract

#FantasyBasketball #NBA"
2079379971764568194,2026-07-20,0,0.9968897700309753,"Scotto: Jett Howard agrees on two-way contract to join Mavs

#FantasyBasketball #NBA"
2079378325835849998,2026-07-20,0,0.9902627468109131,"December 2026 might be the greatest month of all time. 

- Avengers: Doomsday 
- Dune 3
- Christmas 
- GTA 6 (comes out in November but still) 
- NBA 
- NFL
- CFB  
- CBB 
- NHL 

INCREDIBLE 🍿 https://t.co/pVIIKzu0fT"
2079377136536658318,2026-07-20,0,0.9598899483680725,"LeBron Is Pulling Off A Generational Troll Job…

The Reports Are Absolutely Comical!

#76ers #Sixers #NBA https://t.co/yF5R9lTlN0"
2079375501362131289,2026-07-20,0,0.9976481795310974,"ICYMI, I have two new articles out today:

— Minnesota's power forward options if it wants to keep Jaden McDaniels at the three (for On SI)

— Why you shouldn't be concerned about Isaiah Evans' NBA fortunes after a disappointing Summer League (for Zone Coverage)

Links below"
2079372803950760211,2026-07-20,0,0.9977983832359314,"Tobias Harris to the Spurs is the biggest NBA story nobody is talking about.

Will the 34-year-old start in San Antonio?

Most of the folks I asked at Summer League thought about it before landing on, ""yeah, probably.""

12 reasons I think they're right:
https://t.co/AOu0pmLd7P"
2079368838995497097,2026-07-20,0,0.9960610270500183,"An 11-year-old’s question might have just revealed LeBron’s true destination in the details.

When a young fan named Elon stepped up at Fanatics Fest and asked the ultimate free agency question—
""How do you feel about being in free agency, and what do you want to do in your next https://t.co/LaUuI82B1q"
2079368479400972430,2026-07-20,0,0.9976994395256042,"Former top-five pick in 2015 eyes NBA comeback amid free agency

📸 Craig Mitchelldyer, Craig Mitchelldyer-USA TODAY Sports https://t.co/9ZsG4PEvfr https://t.co/Lb2bm0dYje"
2079363137816654288,2026-07-20,0,0.9974486231803894,"Gonzalez, 20, made a cameo appearance during NBA trade season amid reports that the Celtics wouldn't include him in a deal for Giannis Antetokounmpo. https://t.co/0ltrmNwhWP"
2079361588356878514,2026-07-20,0,0.9961618185043335,"what do y'all think, where's he gonna land? #nba #lebron https://t.co/fpqdmcYG82"
2079748260462260638,2026-07-21,0,0.9978029131889343,"Detroit Pistons, Jalen Duren locked in contract impasse

DETROIT — Contract talks between the Detroit Pistons and All-Star center Jalen Duren have reached a complete standstill, with no agreement expected in the near term, according to league sources....

#pistons #duren #nba ... https://t.co/aDcDG1DiJ8"
2079737995624587732,2026-07-21,0,0.9977850914001465,"‘Just Have a Little Patience’ — Rich Paul Delivers Message to NBA World As LeBron James’ Free-Agency Decision Drags Out by Terrance Biggs 

#NBA

https://t.co/TpwKTcn6hG"
2079737356580483089,2026-07-21,0,0.9969577789306641,"‘People With Interest in the Position Were Left Confused’ — Lakers’ Assistant GM Search Continues to Drag Out by Terrance Biggs 

#LakeShow
#Lakers
#NBA 

https://t.co/M5WRDJZPTK"
2079732465019830357,2026-07-21,0,0.9979134202003479,"🏀 LeBron Next Team Odds Update:

Miami Heat 38%
Cleveland Cavaliers 35%
Golden State Warriors 18%

$170M+ traded. Race tightened. Giannis factor boosting Heat. Decision expected by 7/26.

Smart money says Miami... but don't sleep on Cleveland.

#LeBron #NBA #PredictionMarkets https://t.co/DKZwvMb2oY"
2079731069020995969,2026-07-21,0,0.9976508021354675,"🏀 LeBron’s next move, the Brown-George blockbuster &amp; the Lakers’ defensive reset — all on the new Hoop Scope episode.

🤖 Fully AI-generated broadcast.

Watch 👇

https://t.co/YsiJxVg6J0

#NBA #LeBronJames"
2079724528209707153,2026-07-21,0,0.9972761273384094,"LeBron heading to GSW would be one last hurrah for the old boys vs the new okc/spurs era. I'd watch that, it would be great if they turn out to be good. Heading to Miami or the Cavs would appear much the same as what we got with the Lakers.  Go for it, be the NBA globetrotters"
2080096369004449927,2026-07-22,0,0.997936487197876,"Possible LeBron James reunions with 2 NBA stars could be holding up deal https://t.co/WhCguiCm4d

📸 Thomas Shea, IMAGN IMAGES via Reuters Connect https://t.co/PYlh0nakiH"
2080095578839453821,2026-07-22,0,0.9976019263267517,"Spurs re-sign Jones Garcia to a two-way contract 

LINK - https://t.co/Jux7GWPl5x #nba #porvida #gospursgo #sanantonio , https://t.co/qF0peJyXWc"
2080095425701556619,2026-07-22,0,0.9979091286659241,Atlanta’s Defense Could Be Elite After the Lu Dort Trade #nba #atlantahawks #ludort https://t.co/QDb4Pld0zH
2080094882631192983,2026-07-22,0,0.9979148507118225,"D’Angelo Russell and the Grizzlies are already looking for an exit strategy. It’s a classic case of timelines not matching up, so he’ll be heading to a contender soon.
#DLo #Grizzlies #NBA https://t.co/M5MoPsK8H3"
2080094591038918917,2026-07-22,0,0.997934103012085,"The Warriors would love to have LeBron James, but ‘don’t think they’re at the top of list’, per Anthony Slater.
 
Is the LeBron sweepstakes down to just three teams?
 
#NBA https://t.co/sOnQhG6nHX"
2080472036866957411,2026-07-23,0,0.9967520236968994,"Mavs genuinely dumb asf they traded Luka and AD for almost nothing each

If they kept AD it would be a top spot for LeBron and they would be elite

Kyrie / Hardy 
Max Christie / Klay
Flagg / Naji Marshall
LeBron / PJ
AD / Gafford /Lively

Literally the best team in the NBA 🤦🏾‍♂️ https://t.co/O6X1e20tyt"
2080470837988040942,2026-07-23,0,0.9978895783424377,🚨 NBA: Did the Miami Heat Just Accidentally Reveal LeBron James' Next Team? https://t.co/XBD5dyQcYj
2080469646214606868,2026-07-23,0,0.9979345798492432,"""He want the trade and the money"", ""Bro is in trenches"" - NBA Fans Go Wild As Anthony Davis Drops Cryptic Post Amid Wizards-LeBron James Drama https://t.co/BITyjc4VeD #NBA #Basketball"
2080459488688324814,2026-07-23,0,0.99793940782547,ESPN says LaMelo to the Wolves is a done deal.  That Western Conference is getting scary. 😳  #NBA #Timberwolves  来源：https://t.co/huPxTWnMbX trade news
2080458001958240260,2026-07-23,0,0.9977602958679199,"According to NBA insider Jake Fischer, the Sacramento Kings and Russell Westbrook are unlikely to reunite in free agency this summer:
https://t.co/9shMthLAzb"
2080457947004416439,2026-07-23,0,0.9976285099983215,"DID THE MIAMI HEAT JUST LEAK THE BIGGEST NBA FREE AGENCY MOVE?👀

Miami posted—then deleted—an intro press conference for LeBron James.

Was it an accident? Or accidental confirmation?

@Willcain and @RuthlessPodcast discuss. https://t.co/IveWl201pV"
2080833011084366004,2026-07-24,0,0.9967547059059143,"🚨 The NBA hostage situation is over…

LeBron is headed to Philly.

We react to the biggest sports story of the day, recap 3M Open Cut Day, and settle the Hall of Fame debate.

Catch the replay 👇

https://t.co/g7UdGwcEVK

#LeBronJames #Sixers #Golf #MLB #pga #nba"
2080832952058159137,2026-07-24,0,0.9716236591339111,"Philadelphia will not be reuniting LeBron James with his son, Bronny, despite the NBA superstar's move to the 76ers.

https://t.co/HZn4GQSura"
2080832720184430960,2026-07-24,0,0.9976728558540344,"NBA Contender Rankings after LeBron news

Tier 1: Favorites

1. Spurs
2. Knicks
3. Thunder

Tier 2: Have a chance

4. 76ers
5. Lakers
6. Celtics 

Tier 3: Dark horses

7. Heat
8. Raptors (Kawhi news TBD)"
2080830828326617115,2026-07-24,0,0.9965241551399231,🚨🏀 NBA: LeBron James Takes Massive Pay Cut in Stunning Move to Philadelphia 76ers https://t.co/rVsDv3ZepA
2080824933413015915,2026-07-24,0,0.9431721568107605,@sixers Lebron James is gambling on @JoelEmbiid to play more than 33 games and not breakdown?....NO WAY!! @nba
2080822665879904652,2026-07-24,0,0.9971563816070557,"👀 Could Bronny James be headed to Philadelphia? https://t.co/aZ1yXdg1Ot proposed a trade that would send Bronny to the 76ers in exchange for a young wing and draft assets. Would you make this deal? 🤔💜💛
Source: https://t.co/aZ1yXdg1Ot
#Lakers #LakeShow #BronnyJames #NBA #76ers https://t.co/NER6vjLcP4"
2081193633999720732,2026-07-25,0,0.9979204535484314,NBA Insider Reveals The Hold Up In Jonathan Kuminga Sign-And-Trade Talks With Lakers https://t.co/E3nQMuFcmw via @FadeawayWorld
2081192441051504971,2026-07-25,0,0.8882030844688416,BREAKING: NY Knicks -- 8% chance of win 2027 NBA Finals.
2081191124010475663,2026-07-25,0,0.9978320002555847,"Everybody’s talking about LeBron choosing Philly.

I think they’re missing the real story.

Philadelphia didn’t just land LeBron.

Philadelphia built something worth choosing.

The Pressure Report is live.

Did LeBron choose Philly.or did Philly earn LeBron?

📰⬇️

#Sixers #NBA https://t.co/0JxCUxl8Wn"
2081190518134804851,2026-07-25,0,0.9979382157325745,🚨 LEBRON TO THE 76ERS! The EASIEST Path Yet? | Bucks &amp; NBA News https://t.co/PqLjEixOyF  @NBA @ESPNNBA @BR_NBA @sixers #nba #lebronjames #amaraslogic
2081188786449318254,2026-07-25,0,0.9956513047218323,"All of these sports media jackals thought they knew what LeBron James wanted at this point in his NBA career, had it wrong! Y'all just assumed he wants this or he wants that, but I bet no one ever asked him what he wanted to do or why 🤷🏿‍♂️ #LeBronJames #Sixers"
2081180300336304152,2026-07-25,0,0.8844987154006958,"What do we think the realistic ceiling is for the Lakers this year? And how do you think they react it?

#LakeShow #NBA"
2081179479289016441,2026-07-25,0,0.9973452687263489,Sixers Lakers Christmas day if luka hamstring hasn’t turned to coleslaw by then @NBA
2081178784758129058,2026-07-25,0,0.9979311227798462,"Detroit Pistons’ 28-year-old NBA Trade Target Makes Feelings Clear On Future
https://t.co/hSv3cARnxV"
2081559585601786154,2026-07-26,0,0.9979153275489807,"Hacksaw's Mini Poll: CLIPPERS

NBA Paralyzed by Kawhi Leonard investgiation.

Clippers-Raptors big trade frozen
Free Agents gone
How do you improve

What do fans believe?  Who's to blame"
2081559436510794122,2026-07-26,0,0.997412383556366,"🚨 BREAKING: Kevin Durant has reportedly been traded to the Detroit Pistons. 😳🔥

The NBA just got a whole lot more interesting. What grade do you give this move? 👀

#NBA #KevinDurant #Pistons #DetroitBasketball https://t.co/6SZ1KZHwS9"
2081558511033761998,2026-07-26,0,0.9978054165840149,"Hacksaw's Hot Headlines-Stories on WEBSITE

Padres-win streak
Ohtani setback
Great day Trout
Red Sox trade
49ers coach bad injuries-crash
NFL notes
LeBron to 76ers
NBA-NHL-Golf-Auto Racing-Soccer Notes

Link: https://t.co/Bv6D9Mc0eH"
2081557778661810606,2026-07-26,0,0.9945835471153259,"Draymond Green explains why he’d rather miss the playoffs with Golden State than leave to chase another championship:

“If there’s something I can offer a team and I’m the missing piece that helps them get over the hump, that’s different. That’s contributing to a championship. https://t.co/kr0C2fuBPC"
2081555746169217330,2026-07-26,0,0.9978711605072021,NBA fans and media so horny for big trades. Why the hell is Steph Curry on a different team a story now? We already seen movement of so many players this summer
2081555412793323888,2026-07-26,0,0.7800893187522888,"Top 10 NBA Players Next Season:

1. Anthony Edwards
2. Anthony Edwards 
3. Anthony Edwards
4. Anthony Edwards
5. Anthony Edwards 
6. Anthony Edwards
7. Anthony Edwards
8. Anthony Edwards 
9.  Anthony Edwards
10. Anthony Edwards"
2081555302345048417,2026-07-26,0,0.992796003818512,"My official NBA rankings post-LeBron signing 

1. Knicks
2. Thunder
3. Sixers
4. Nuggets
5. Detroit"
2081549859526524991,2026-07-26,0,0.9945123195648193,LeBron to Philly is OFFICIAL: NBA legend James puts pen to paper... after 76ers waive former first-round pick https://t.co/pODTckUA5Z
2081549518676336755,2026-07-26,0,0.9287532567977905,"POV: You're Anthony Edwards telling the Suns to suck it. 🐜🔥 #Timberwolves #NBA

The real ones already have this 👉 https://t.co/rNeVPTOOsz https://t.co/kTD9AG3IhN"
2081547435927818671,2026-07-26,0,0.9977796673774719,"https://t.co/IcrMYHlRct Will the Colts Trade Jonathan Taylor? 76ers Championship Hype &amp; Celtics Debate: The NFL and NBA offseason is heating up, and we’re breaking down the biggest storylines LIVE on The Sitdown with Malik… https://t.co/uhX0QrhWps https://t.co/KHnRC7ShqF"
2081542081294594430,2026-07-26,0,0.9972758889198303,"Cavaliers Sign Mario Hezonja After Missing Out On LeBron James, Sparking Wave of Fan Reactions
https://t.co/j8JH0LpRkl 
The Cleveland Cavaliers have made their move in the aftermath of their failed pursuit of LeBron James, signing European league standout Mario Hezonja to a https://t.co/2WxZPfHFMN"
2081541883126231290,2026-07-26,0,0.974050760269165,"I'm going to defend @KingJames. We talking about him ring chasing, but Tobias Harris just signed with the Spurs, KD ran to GS, Malone LA, Nash LA, Barkley HOU, Payton LA Bosh MIA, Shaq LA, Allen MIA, Grant ORL, Pippin HOU. 

Free agency = Ring Chasing. #nba https://t.co/kqaVChEorB"
2082641174435627219,2026-07-29,0,0.9978817105293274,LIVE: Celtics pursued LeBron James + NBA Power Rankings w/ @LawMurraytheNU | Celtics Daily powered by @Prizepicks @RocketMoney https://t.co/LSXpANYvOP
2082637304720445537,2026-07-29,0,0.9958505630493164,"As uncertainty grows over the Portland Trail Blazers’ long-term future in Oregon, some basketball fans may begin to wonder whether St. Louis could enter the conversation for an NBA team in the future. 

DETAILS: https://t.co/4uDfGLBXrG https://t.co/JkhQgdZrvV"
2082636878000292070,2026-07-29,0,0.9931676983833313,"We were supposed to have Kawhi back in Toronto for Gradey, Ingram, and picks, but the Raptors had to pause the deal while the NBA looks into the Clippers.

Now reports say this could drag into 2027.

NBA please fix this issue! 🦖🔥

#Raptors"
2082636267141922870,2026-07-29,0,0.9963816404342651,"NBA Notes: Lakers, Jalen Smith, Grizzlies, Cameron Boozer, Magic https://t.co/az5C3ng8gq"
2082636239715385724,2026-07-29,0,0.9963816404342651,"NBA Notes: Lakers, Jalen Smith, Grizzlies, Cameron Boozer, Magic https://t.co/7FmZYSGZyJ"
2082633206981886441,2026-07-29,0,0.9953042268753052,"Jalen Brunson's a topic for another conversation and as a New York fan I hate everything Boston Sports related but we're not going to talk about...

Magic Johnson.
Jerry West.
Oscar Robertson.
Walt Clyde Frazier.
Isiah Thomas.
John Stockton 
Gary Payton 
Mark Price.
Jason Kidd. https://t.co/XTE3rk8Us8"
2082632706777575760,2026-07-29,0,0.9977532029151917,What’s gonna be the next nba trade and do you think curry will resign
2101337843746353323,2026-09-19,0,0.9898121953010559,"No Hesitation with Sophie Cunningham &amp; Drew Hanlen:
Sophie Cunningham gets REAL on Team USA &amp; Caitlin Clark

Sophie Cunningham and Drew Hanlen weigh in on the debate of if Caitlin Clark should have been in the starting lineup or not and discuss Team USA winning gold at the 2026 https://t.co/DRn0paBWjC"
2101333057920020754,2026-09-19,0,0.9972702860832214,"Stephen Curry confirmed he tried to recruit LeBron James to the Warriors before LeBron chose the 76ers on a 2-year deal. Curry: ""If anybody didn't try, I think they'd be a fool."" Why it matters: Golden State went all-in on one last super-team run. #DubNation #NBA #Sixers https://t.co/lqjPT3PbpR"
2101327053173760040,2026-09-19,0,0.9947629570960999,NBA fans are hilarious cuz some are saying Ausar contract is a “steal” and he got scammed but if he got close to $200 yall would scream overpay
2101842352272793974,2026-09-20,0,0.9978342652320862,"Pistons have a big decision looming.. 👀
Are they going to lock up their young star? ⭐️🤩

#NBA #NBAOffseason #EnforceTheSport #DetroitPistons #Pistons

Read our thoughts below
https://t.co/qgOwXivo55"
2101836076939948107,2026-09-20,0,0.987149178981781,#NBA #Yahoo Luka Doncic returning to LA ahead of Lakers media day with somber memory https://t.co/Puvja0i5Xz
2102216278979354968,2026-09-21,0,0.9973791837692261,"Late night live on @hellowelcomepod: Raptors show the NBA how to honor a legend 
+ Is DeMar DeRozan getting his jersey retired?
+ Kawhi Leonard extension expected soon

https://t.co/CXhuxgfAHq"
2102215207724384259,2026-09-21,0,0.9959315657615662,"NBA Notes: Pacers, Tyrese Haliburton, Kings, Suns, Miles Bridges https://t.co/BTuwJLMTm6"
2102208371470520511,2026-09-21,0,0.9947227239608765,"Jalen Duren has serious interest around the NBA. 👀

@sam_amick reported that the Bucks are among teams with “serious interest” in him.

The Pistons offered 5 years, $200M. Duren hasn’t accepted.

Could the Bucks make a serious push for Duren? https://t.co/9DhXob5jry"
2102205706011340961,2026-09-21,0,0.9968935251235962,"Giannis to Miami, Jaylen Brown to Philly — this was one of the wildest NBA offseasons in recent memory. Training camps open this week, and every roster looks fundamentally different than it did in June."
2102202726041919940,2026-09-21,0,0.9978833794593811,"Ex-Rockets Guard Fuels Potential Russell Westbrook NBA Comeback
👀🏀👨🏽‍💻

 https://t.co/AGwDANSQS9"
2102202242124169620,2026-09-21,0,0.968275249004364,Why the Pistons don’t pay Duren is insane to me. Know he was horrendous in the playoffs but he’s an all nba big man at only 22 years that’s only going to get better and an amazing fit with Cade long term.
